0,0.11274,20,0,0,0,0,3,0
0.01,0.75473,20,2.6188e-05,-6.2091e-05,-5.946e-05,-2.3096e-05,3,-0.0023096
0.02,-0.27114,20,0.00029632,-0.00067354,-0.00064181,-0.00024929,3,-0.02262
0.03,0.40646,20,0.00096766,-0.0019502,-0.0018297,-0.00071072,3,-0.046142
0.04,0.062043,20,0.0021865,-0.0039272,-0.0036233,-0.0014074,3,-0.069665
0.05,-0.12266,20,0.0040441,-0.0064929,-0.0058804,-0.0022841,3,-0.087672
0.06,-0.29087,20,0.0066419,-0.0096106,-0.0085374,-0.0033161,3,-0.1032
0.07,0.043581,20,0.010036,-0.013155,-0.011448,-0.0044467,3,-0.11305
0.08,0.18249,20,0.014275,-0.017036,-0.014506,-0.0056344,3,-0.11878
0.09,0.079726,20,0.019419,-0.021241,-0.017685,-0.0068691,3,-0.12347
0.1,0.46163,20.001,0.025489,-0.025666,-0.020871,-0.0081069,3,-0.12378
0.11,0.45706,20.001,0.032528,-0.030303,-0.024049,-0.0093412,3,-0.12343
0.12,0.25616,20.001,0.040561,-0.035114,-0.027174,-0.010555,3,-0.12137
0.13,0.69632,20.001,0.04958,-0.039995,-0.03014,-0.011707,3,-0.11521
0.14,0.13651,20.001,0.059573,-0.044883,-0.032887,-0.012774,3,-0.10671
0.15,-0.37127,20.001,0.07055,-0.049797,-0.035435,-0.013764,3,-0.098957
0.16,-0.18907,20.001,0.082486,-0.05466,-0.037712,-0.014648,3,-0.088476
0.17,0.8731,20.001,0.095378,-0.05949,-0.039741,-0.015436,3,-0.078792
0.18,0.16412,20.001,0.10919,-0.064215,-0.041456,-0.016103,3,-0.066629
0.19,-0.0035528,20.001,0.12389,-0.068797,-0.042829,-0.016636,3,-0.053331
0.2,0.33482,20,0.13946,-0.073272,-0.043904,-0.017053,3,-0.041754
0.21,0.36399,20,0.15585,-0.077576,-0.044627,-0.017334,3,-0.028063
0.22,0.44729,20,0.17302,-0.081683,-0.044984,-0.017473,3,-0.013872
0.23,0.44457,20,0.19091,-0.085521,-0.044917,-0.017447,3,0.0026095
0.24,0.53238,20,0.20947,-0.089122,-0.044471,-0.017274,3,0.017303
0.25,1.0715,20,0.22865,-0.092496,-0.04367,-0.016963,3,0.031108
0.26,0.62326,20,0.24843,-0.095645,-0.042528,-0.016519,3,0.044367
0.27,1.0045,20,0.26875,-0.098568,-0.041056,-0.015947,3,0.057181
0.28,0.84347,20,0.28958,-0.10132,-0.039323,-0.015274,3,0.067319
0.29,0.70618,20,0.3109,-0.10387,-0.037298,-0.014487,3,0.078656
0.3,0.71457,19.997,0.33266,-0.10626,-0.035035,-0.013608,3,0.087905
0.31,0.75462,19.997,0.35479,-0.10838,-0.03244,-0.012601,3,0.10077
0.32,0.82565,19.997,0.37729,-0.11032,-0.029612,-0.011502,3,0.10987
0.33,0.5016,19.997,0.40009,-0.11205,-0.026531,-0.010305,3,0.11965
0.34,1.5787,19.997,0.42319,-0.11363,-0.02326,-0.0090346,3,0.12708
0.35,1.2125,19.997,0.44653,-0.11501,-0.019765,-0.0076773,3,0.13574
0.36,0.68565,19.997,0.47007,-0.11619,-0.016046,-0.0062326,3,0.14447
0.37,0.59091,19.997,0.49379,-0.11721,-0.012169,-0.0047268,3,0.15058
0.38,0.85205,19.997,0.51765,-0.11806,-0.008107,-0.003149,3,0.15779
0.39,1.1385,19.997,0.54164,-0.11878,-0.0039159,-0.001521,3,0.16279
0.4,1.1147,19.994,0.56571,-0.11932,0.0004366,0.00016959,3,0.16906
0.41,0.79282,19.994,0.58985,-0.11974,0.0048974,0.0019023,3,0.17327
0.42,0.91134,19.994,0.61401,-0.12,0.0094978,0.0036892,3,0.17869
0.43,1.1911,19.994,0.63819,-0.12015,0.014182,0.0055088,3,0.18196
0.44,1.5676,19.994,0.66235,-0.12015,0.018984,0.0073739,3,0.18651
0.45,1.1843,19.994,0.68648,-0.12005,0.023849,0.0092634,3,0.18895
0.46,1.4916,19.994,0.71053,-0.11981,0.02881,0.01119,3,0.1927
0.47,1.0347,19.994,0.73449,-0.11943,0.033871,0.013156,3,0.1966
0.48,1.1916,19.994,0.75835,-0.11896,0.038967,0.015136,3,0.19793
0.49,1.244,19.994,0.78207,-0.11837,0.044127,0.01714,3,0.20045
0.5,0.98163,19.994,0.80563,-0.11766,0.049356,0.019171,3,0.20311
0.51,0.78179,19.994,0.82903,-0.11687,0.054593,0.021205,3,0.2034
0.52,1.6264,19.994,0.85224,-0.11599,0.059866,0.023253,3,0.20481
0.53,1.4515,19.994,0.87523,-0.115,0.065178,0.025317,3,0.20635
0.54,1.869,19.994,0.89796,-0.11384,0.070581,0.027416,3,0.20987
0.55,1.4796,19.994,0.92042,-0.11257,0.076023,0.029529,3,0.21136
0.56,1.3745,19.994,0.9426,-0.1112,0.081476,0.031647,3,0.21182
0.57,1.3308,19.994,0.96447,-0.10975,0.086925,0.033764,3,0.21166
0.58,1.7061,19.994,0.98603,-0.10823,0.092359,0.035875,3,0.21107
0.59,1.6586,19.994,1.0073,-0.1067,0.097712,0.037954,3,0.2079
0.6,2.0719,19.997,1.0282,-0.10513,0.10302,0.040015,3,0.20608
0.61,2.419,19.997,1.049,-0.1039,0.10792,0.041918,3,0.19033
0.62,1.9928,19.997,1.0696,-0.10274,0.11268,0.043769,3,0.18516
0.63,1.2587,19.997,1.0899,-0.10155,0.11742,0.045608,3,0.1839
0.64,1.8422,19.997,1.11,-0.10036,0.12209,0.047424,3,0.18157
0.65,2.2743,19.997,1.1298,-0.099114,0.12675,0.049235,3,0.18104
0.66,1.4848,19.997,1.1494,-0.097868,0.13136,0.051022,3,0.17872
0.67,1.7923,19.997,1.1687,-0.096578,0.13594,0.052802,3,0.17798
0.68,1.3261,19.997,1.1878,-0.095231,0.14051,0.054578,3,0.17765
0.69,1.9187,19.997,1.2065,-0.093888,0.14502,0.056328,3,0.17501
0.7,1.9474,20.006,1.225,-0.09251,0.14949,0.058066,3,0.17382
0.71,1.6075,20.006,1.2432,-0.091062,0.15397,0.059805,3,0.17388
0.72,2.2769,20.006,1.2611,-0.089562,0.15843,0.061538,3,0.17325
0.73,2.7732,20.006,1.2787,-0.088017,0.16286,0.06326,3,0.17219
0.74,2.3035,20.006,1.2959,-0.086435,0.16726,0.064968,3,0.17083
0.75,2.0444,20.006,1.3128,-0.084882,0.17156,0.066638,3,0.16698
0.76,3.0776,20.006,1.3295,-0.08332,0.1758,0.068284,3,0.1646
0.77,1.8882,20.006,1.3458,-0.081738,0.17998,0.06991,3,0.16267
0.78,2.4517,20.006,1.3618,-0.080194,0.18407,0.071496,3,0.15856
0.79,2.342,20.006,1.3775,-0.078649,0.18808,0.073056,3,0.15602
0.8,2.6389,20.021,1.3929,-0.077149,0.19199,0.074574,3,0.15175
0.81,2.4242,20.021,1.408,-0.075838,0.19565,0.075996,3,0.14229
0.82,1.9707,20.021,1.423,-0.074633,0.19916,0.07736,3,0.13632
0.83,2.6132,20.021,1.4377,-0.073438,0.20262,0.078701,3,0.13411
0.84,2.4722,20.021,1.4522,-0.07228,0.20599,0.08001,3,0.13091
0.85,1.9546,20.021,1.4665,-0.07111,0.20932,0.081306,3,0.12966
0.86,3.2897,20.021,1.4805,-0.069912,0.21264,0.082596,3,0.129
0.87,2.9005,20.021,1.4943,-0.068742,0.21589,0.083858,3,0.12616
0.88,2.4175,20.021,1.5078,-0.067561,0.21911,0.085107,3,0.12487
0.89,2.0435,20.021,1.5211,-0.066355,0.2223,0.086347,3,0.12405
0.9,2.5084,20.044,1.5342,-0.065183,0.22542,0.087558,3,0.12103
0.91,2.6077,20.044,1.5469,-0.063847,0.22865,0.088812,3,0.12544
0.92,2.7018,20.044,1.5594,-0.062441,0.23189,0.090072,3,0.12598
0.93,2.4339,20.044,1.5716,-0.061007,0.23511,0.091321,3,0.12492
0.94,2.4241,20.044,1.5834,-0.05956,0.23828,0.092553,3,0.12319
0.95,2.5443,20.044,1.595,-0.058108,0.2414,0.093765,3,0.1212
0.96,2.4212,20.044,1.6063,-0.056714,0.2444,0.094933,3,0.11682
0.97,3.0735,20.044,1.6174,-0.055339,0.24734,0.096073,3,0.11403
0.98,2.4178,20.044,1.6281,-0.05403,0.25016,0.097169,3,0.10957
0.99,2.9038,20.044,1.6387,-0.052741,0.25291,0.098238,3,0.10694
1,3.6856,20.075,1.6489,-0.051456,0.25562,0.099288,3,0.10496
1.01,2.7045,20.075,1.6593,-0.050882,0.25759,0.10005,3,0.076658
1.02,3.163,20.075,1.6696,-0.050589,0.25929,0.10071,3,0.065827
1.03,2.809,20.075,1.6798,-0.050343,0.26094,0.10135,3,0.064213
1.04,2.9276,20.075,1.6901,-0.050121,0.26257,0.10199,3,0.063517
1.05,2.5696,20.075,1.7002,-0.049857,0.26426,0.10264,3,0.065315
1.06,3.5595,20.075,1.7103,-0.04953,0.266,0.10332,3,0.06777
1.07,3.0339,20.075,1.7203,-0.049197,0.26775,0.104,3,0.067966
1.08,2.963,20.075,1.7302,-0.048818,0.26954,0.1047,3,0.069594
1.09,3.0066,20.075,1.74,-0.048381,0.27138,0.10541,3,0.071576
1.1,3.2538,20.114,1.7497,-0.047945,0.27322,0.10612,3,0.071242
1.11,2.9679,20.114,1.7592,-0.047231,0.27531,0.10694,3,0.081241
1.12,3.264,20.114,1.7685,-0.046392,0.2775,0.10779,3,0.085017
1.13,3.6349,20.114,1.7776,-0.04543,0.27977,0.10867,3,0.088426
1.14,3.9761,20.114,1.7865,-0.044412,0.28207,0.10956,3,0.089124
1.15,3.3234,20.114,1.7951,-0.043364,0.28435,0.11045,3,0.088727
1.16,2.5365,20.114,1.8036,-0.042297,0.28662,0.11133,3,0.087874
1.17,3.7529,20.114,1.8118,-0.041217,0.28885,0.1122,3,0.086802
1.18,3.2614,20.114,1.8198,-0.040186,0.291,0.11303,3,0.083357
1.19,3.7299,20.114,1.8276,-0.039165,0.29309,0.11385,3,0.081474
1.2,3.9008,20.163,1.8352,-0.038141,0.29516,0.11465,3,0.080142
1.21,3.5547,20.163,1.8427,-0.037324,0.29698,0.11536,3,0.070931
1.22,3.3363,20.163,1.85,-0.036567,0.29873,0.11603,3,0.067664
1.23,4.0345,20.163,1.8572,-0.035873,0.30038,0.11668,3,0.064388
1.24,3.3403,20.163,1.8643,-0.035181,0.30202,0.11731,3,0.063482
1.25,3.3969,20.163,1.8712,-0.03453,0.30359,0.11792,3,0.061109
1.26,3.9118,20.163,1.8781,-0.033875,0.30515,0.11853,3,0.060557
1.27,3.7191,20.163,1.8847,-0.033198,0.30671,0.11913,3,0.060588
1.28,3.0957,20.163,1.8913,-0.032557,0.30822,0.11972,3,0.058473
1.29,3.5392,20.163,1.8977,-0.031909,0.30971,0.1203,3,0.057949
1.3,3.8463,20.222,1.904,-0.031242,0.3112,0.12088,3,0.05794
1.31,3.8472,20.222,1.91,-0.030292,0.31294,0.12155,3,0.067608
1.32,4.0055,20.222,1.9158,-0.02924,0.31474,0.12225,3,0.070073
1.33,3.448,20.222,1.9213,-0.028155,0.31654,0.12295,3,0.069668
1.34,3.7544,20.222,1.9267,-0.027066,0.31829,0.12363,3,0.068205
1.35,3.4487,20.222,1.9318,-0.025982,0.32,0.1243,3,0.06638
1.36,4.1301,20.222,1.9367,-0.024968,0.3216,0.12492,3,0.062199
1.37,4.2667,20.222,1.9415,-0.023982,0.32314,0.12552,3,0.059649
1.38,3.8265,20.222,1.946,-0.02301,0.32463,0.12609,3,0.057732
1.39,4.006,20.222,1.9504,-0.022106,0.32601,0.12663,3,0.053789
1.4,4.3989,20.29,1.9546,-0.02123,0.32734,0.12715,3,0.051571
1.41,4.3322,20.29,1.9587,-0.020656,0.32834,0.12754,3,0.039111
1.42,4.3655,20.29,1.9628,-0.020178,0.32924,0.12789,3,0.034955
1.43,4.1143,20.29,1.9668,-0.019717,0.33012,0.12823,3,0.033968
1.44,4.3116,20.29,1.9707,-0.019304,0.33094,0.12854,3,0.031791
1.45,3.7761,20.29,1.9745,-0.01889,0.33175,0.12886,3,0.031534
1.46,4.3357,20.29,1.9783,-0.018458,0.33257,0.12918,3,0.031902
1.47,4.5661,20.29,1.9819,-0.018063,0.33335,0.12948,3,0.030149
1.48,4.1208,20.29,1.9855,-0.017664,0.33412,0.12978,3,0.030008
1.49,4.1799,20.29,1.989,-0.017307,0.33484,0.13006,3,0.028161
1.5,5.0824,20.368,1.9924,-0.016945,0.33557,0.13034,3,0.028079
1.51,4.4035,20.368,1.9961,-0.017245,0.33565,0.13037,3,0.0031655
1.52,4.5232,20.368,1.9999,-0.017793,0.33552,0.13032,3,-0.0049881
1.53,4.7052,20.368,2.0038,-0.018362,0.33541,0.13028,3,-0.0042497
1.54,4.1906,20.368,2.0078,-0.018871,0.3354,0.13028,3,-0.00051692
1.55,4.5554,20.368,2.0118,-0.019357,0.33544,0.13029,3,0.0017037
1.56,4.8298,20.368,2.016,-0.019773,0.33558,0.13035,3,0.0055322
1.57,4.6009,20.368,2.0202,-0.020168,0.33578,0.13042,3,0.0074615
1.58,4.5323,20.368,2.0245,-0.020497,0.33606,0.13053,3,0.010919
1.59,3.9554,20.368,2.0288,-0.020748,0.33644,0.13068,3,0.014723
1.6,4.3973,20.456,2.0331,-0.020978,0.33685,0.13084,3,0.016168
1.61,4.1057,20.456,2.037,-0.020195,0.33826,0.13139,3,0.054514
1.62,4.4374,20.456,2.0407,-0.019044,0.33998,0.13205,3,0.066787
1.63,4.8557,20.456,2.044,-0.017782,0.34175,0.13274,3,0.068774
1.64,4.7317,20.456,2.0471,-0.016504,0.34347,0.13341,3,0.067062
1.65,4.4458,20.456,2.05,-0.015242,0.34512,0.13405,3,0.064166
1.66,5.5175,20.456,2.0526,-0.014004,0.34669,0.13466,3,0.060969
1.67,4.5665,20.456,2.055,-0.012795,0.34818,0.13524,3,0.057752
1.68,4.7751,20.456,2.0571,-0.011614,0.34959,0.13579,3,0.054592
1.69,4.7539,20.456,2.0591,-0.010463,0.35091,0.1363,3,0.051503
1.7,5.0921,20.555,2.0608,-0.0092801,0.35222,0.13681,3,0.050713
1.71,5.312,20.555,2.0623,-0.0083316,0.35325,0.13721,3,0.04003
1.72,4.318,20.555,2.0637,-0.0074793,0.35415,0.13756,3,0.03496
1.73,4.5498,20.555,2.065,-0.0067286,0.35492,0.13786,3,0.029892
1.74,4.5013,20.555,2.0661,-0.0060183,0.35562,0.13813,3,0.027315
1.75,5.1587,20.555,2.0671,-0.0053858,0.35622,0.13837,3,0.023426
1.76,5.0318,20.555,2.068,-0.0047822,0.35678,0.13858,3,0.021514
1.77,5.0305,20.555,2.0688,-0.0041894,0.3573,0.13878,3,0.020335
1.78,5.0565,20.555,2.0695,-0.0036616,0.35774,0.13896,3,0.017156
1.79,5.3917,20.555,2.0701,-0.0031559,0.35815,0.13911,3,0.015702
1.8,5.1967,20.663,2.0706,-0.002656,0.35853,0.13926,3,0.014892
1.81,4.7987,20.663,2.0709,-0.0019523,0.35909,0.13948,3,0.021889
1.82,4.9823,20.663,2.0711,-0.0011844,0.35969,0.13971,3,0.023279
1.83,4.9524,20.663,2.0711,-0.00046797,0.36021,0.13992,3,0.02024
1.84,4.8906,20.663,2.0709,0.00021835,0.36068,0.1401,3,0.018103
1.85,5.3397,20.663,2.0707,0.00088425,0.3611,0.14026,3,0.01639
1.86,4.8201,20.663,2.0703,0.0014736,0.36143,0.14039,3,0.012628
1.87,5.2289,20.663,2.0699,0.0020293,0.3617,0.14049,3,0.010622
1.88,5.7442,20.663,2.0693,0.0025684,0.36194,0.14059,3,0.0093082
1.89,4.9199,20.663,2.0686,0.0030365,0.3621,0.14065,3,0.0060072
1.9,5.4693,20.782,2.0679,0.0034772,0.36221,0.14069,3,0.0044598
1.91,5.2753,20.782,2.0671,0.003941,0.36234,0.14074,3,0.0048477
1.92,5.2283,20.782,2.0662,0.0043503,0.36239,0.14076,3,0.0022903
1.93,6.0392,20.782,2.0652,0.0047391,0.36242,0.14077,3,0.0011014
1.94,5.3786,20.782,2.0641,0.0051206,0.36243,0.14078,3,0.00044167
1.95,5.1997,20.782,2.063,0.0054393,0.36238,0.14076,3,-0.0022772
1.96,5.2219,20.782,2.0618,0.005738,0.36229,0.14072,3,-0.0032841
1.97,5.346,20.782,2.0606,0.0060333,0.3622,0.14069,3,-0.0036478
1.98,5.6492,20.782,2.0593,0.0062703,0.36204,0.14063,3,-0.0060459
1.99,5.3143,20.782,2.058,0.0064922,0.36187,0.14056,3,-0.0067366
2,6.2124,20.911,2.0567,0.0066551,0.36164,0.14047,3,-0.0090363
2.01,5.777,20.911,2.0559,0.0055289,0.36017,0.1399,3,-0.056987
2.02,5.9533,20.911,2.0554,0.0040117,0.35839,0.13921,3,-0.068966
2.03,5.4693,20.911,2.0553,0.0024549,0.35666,0.13854,3,-0.067141
2.04,5.696,20.911,2.0555,0.00092223,0.35504,0.13791,3,-0.062937
2.05,5.9594,20.911,2.0559,-0.0005078,0.3536,0.13735,3,-0.05592
2.06,5.5931,20.911,2.0566,-0.0018724,0.3523,0.13684,3,-0.050552
2.07,5.6077,20.911,2.0575,-0.0031272,0.35118,0.13641,3,-0.043713
2.08,5.8246,20.911,2.0586,-0.0042595,0.35023,0.13604,3,-0.036669
2.09,5.8416,20.911,2.0599,-0.0053291,0.34941,0.13572,3,-0.032138
2.1,5.7098,21.05,2.0614,-0.0062985,0.34873,0.13545,3,-0.026369
2.11,6.1857,21.05,2.0625,-0.0059509,0.34936,0.1357,3,0.024425
2.12,6.5367,21.05,2.0633,-0.0051177,0.35043,0.13611,3,0.041644
2.13,6.6593,21.05,2.0639,-0.0041292,0.3516,0.13657,3,0.045618
2.14,5.6013,21.05,2.0643,-0.0030467,0.35281,0.13704,3,0.047038
2.15,6.6195,21.05,2.0644,-0.0019523,0.35398,0.13749,3,0.045259
2.16,6.6455,21.05,2.0644,-0.00087446,0.35507,0.13792,3,0.04243
2.17,6.2561,21.05,2.0641,0.00017749,0.35608,0.13831,3,0.03933
2.18,5.8576,21.05,2.0637,0.0012009,0.35702,0.13867,3,0.036217
2.19,6.3301,21.05,2.063,0.0021349,0.35781,0.13898,3,0.030927
2.2,6.4371,21.197,2.0623,0.0030207,0.35852,0.13926,3,0.027382
2.21,6.0094,21.197,2.0617,0.0030748,0.35838,0.13921,3,-0.0051845
2.22,6.2654,21.197,2.0611,0.0028544,0.35799,0.13905,3,-0.015344
2.23,6.2593,21.197,2.0607,0.0025177,0.3575,0.13886,3,-0.019077
2.24,6.6126,21.197,2.0604,0.0021834,0.35703,0.13868,3,-0.018174
2.25,6.4246,21.197,2.0601,0.0018913,0.35662,0.13852,3,-0.015815
2.26,6.0965,21.197,2.0598,0.0015916,0.35623,0.13837,3,-0.015408
2.27,6.7554,21.197,2.0596,0.0013266,0.35588,0.13823,3,-0.013435
2.28,6.763,21.197,2.0595,0.0011101,0.3556,0.13812,3,-0.011025
2.29,6.4192,21.197,2.0594,0.00088475,0.35532,0.13801,3,-0.010859
2.3,6.8261,21.354,2.0593,0.00069094,0.35508,0.13792,3,-0.0091863
2.31,6.7542,21.354,2.0594,-7.719e-05,0.3543,0.13762,3,-0.030121
2.32,6.676,21.354,2.0599,-0.00098944,0.35343,0.13728,3,-0.033914
2.33,6.0965,21.354,2.0604,-0.0019392,0.35257,0.13695,3,-0.033483
2.34,7.0149,21.354,2.0612,-0.002828,0.35181,0.13665,3,-0.029339
2.35,6.3215,21.354,2.0621,-0.003624,0.35119,0.13641,3,-0.024171
2.36,6.5556,21.354,2.0631,-0.004381,0.35065,0.1362,3,-0.02121
2.37,6.8667,21.354,2.0643,-0.0050593,0.35021,0.13603,3,-0.016877
2.38,7.0327,21.354,2.0655,-0.0056471,0.3499,0.13591,3,-0.012281
2.39,6.1852,21.354,2.0669,-0.0062039,0.34964,0.13581,3,-0.010094
2.4,6.7655,21.52,2.0683,-0.0066915,0.34947,0.13574,3,-0.0065574
2.41,6.4386,21.52,2.0695,-0.0064184,0.35005,0.13597,3,0.022544
2.42,7.2914,21.52,2.0706,-0.0058522,0.35089,0.13629,3,0.032729
2.43,6.8244,21.52,2.0715,-0.00518,0.3518,0.13665,3,0.035387
2.44,6.684,21.52,2.0722,-0.0044713,0.35271,0.137,3,0.035274
2.45,6.2092,21.52,2.0728,-0.0038108,0.35353,0.13732,3,0.031968
2.46,6.4796,21.52,2.0733,-0.0031653,0.3543,0.13762,3,0.030016
2.47,6.7193,21.52,2.0737,-0.002522,0.35504,0.13791,3,0.028601
2.48,7.3849,21.52,2.0739,-0.0019372,0.35569,0.13816,3,0.025121
2.49,6.8535,21.52,2.0741,-0.001369,0.35629,0.13839,3,0.023336
2.5,7.0337,21.694,2.0741,-0.00080217,0.35686,0.13861,3,0.022171
2.51,7.2056,21.694,2.074,-5.8845e-06,0.35762,0.13891,3,0.029613
2.52,7.0895,21.694,2.0737,0.0008039,0.35836,0.13919,3,0.02858
2.53,7.1809,21.694,2.0732,0.0016064,0.35905,0.13946,3,0.026771
2.54,7.349,21.694,2.0726,0.0023347,0.35963,0.13969,3,0.02251
2.55,7.158,21.694,2.0718,0.0030282,0.36014,0.13989,3,0.019883
2.56,7.3464,21.694,2.0709,0.0037024,0.3606,0.14007,3,0.01792
2.57,7.0922,21.694,2.07,0.0043024,0.36096,0.14021,3,0.013973
2.58,6.9529,21.694,2.0689,0.0048712,0.36126,0.14032,3,0.011786
2.59,7.4799,21.694,2.0677,0.0054252,0.36153,0.14043,3,0.010282
2.6,7.4803,21.878,2.0664,0.0059096,0.3617,0.14049,3,0.0067806
2.61,7.1152,21.878,2.0653,0.0057257,0.36122,0.14031,3,-0.018847
2.62,7.1,21.878,2.0644,0.005272,0.36049,0.14002,3,-0.028307
2.63,7.9776,21.878,2.0636,0.0047693,0.35974,0.13973,3,-0.029032
2.64,7.4836,21.878,2.0628,0.0042969,0.35905,0.13946,3,-0.026735
2.65,6.6011,21.878,2.0622,0.0038191,0.35839,0.13921,3,-0.025851
2.66,7.282,21.878,2.0616,0.0033825,0.35779,0.13897,3,-0.023247
2.67,7.706,21.878,2.0611,0.0030023,0.35727,0.13877,3,-0.020183
2.68,7.4942,21.878,2.0606,0.0026211,0.35677,0.13858,3,-0.019382
2.69,7.1731,21.878,2.0603,0.0022792,0.35633,0.13841,3,-0.017099
2.7,7.6786,22.069,2.0599,0.0019902,0.35596,0.13826,3,-0.014405
2.71,6.9197,22.069,2.0597,0.0016709,0.35557,0.13811,3,-0.014926
2.72,7.8331,22.069,2.0595,0.0013794,0.35523,0.13798,3,-0.013237
2.73,7.9197,22.069,2.0593,0.001076,0.3549,0.13785,3,-0.013086
2.74,7.3977,22.069,2.0592,0.00080771,0.35461,0.13774,3,-0.01118
2.75,7.6855,22.069,2.0591,0.00059028,0.35438,0.13765,3,-0.0087644
2.76,8.1369,22.069,2.0591,0.00036684,0.35416,0.13757,3,-0.0085752
2.77,7.4608,22.069,2.0591,0.00017771,0.35398,0.1375,3,-0.0068796
2.78,7.8369,22.069,2.0591,-2.3654e-05,0.3538,0.13743,3,-0.0069909
2.79,7.6318,22.069,2.0592,-0.00019306,0.35366,0.13737,3,-0.0054378
2.8,7.8951,22.269,2.0593,-0.00031555,0.35358,0.13734,3,-0.0033972
2.81,8.6682,22.269,2.0594,-0.00035611,0.35357,0.13734,3,-0.00015129
2.82,8.2918,22.269,2.0594,-0.00033795,0.35363,0.13736,3,0.0020656
2.83,7.5685,22.269,2.0594,-0.00027239,0.35372,0.13739,3,0.0037452
2.84,7.5019,22.269,2.0595,-0.00022575,0.3538,0.13742,3,0.0028668
2.85,7.3933,22.269,2.0595,-0.00016044,0.35389,0.13746,3,0.0034284
2.86,7.981,22.269,2.0595,-6.3275e-05,0.354,0.1375,3,0.0044465
2.87,8.3522,22.269,2.0595,8.5096e-06,0.35408,0.13754,3,0.0032765
2.88,7.6267,22.269,2.0594,9.5638e-05,0.35418,0.13757,3,0.0036767
2.89,7.702,22.269,2.0594,0.00015213,0.35424,0.1376,3,0.0023396
2.9,8.3188,22.477,2.0593,0.00022281,0.35431,0.13762,3,0.0027355
2.91,8.2669,22.477,2.0595,-0.0003127,0.3538,0.13742,3,-0.01997
2.92,8.3422,22.477,2.0599,-0.0010724,0.35309,0.13715,3,-0.027252
2.93,8.2449,22.477,2.0604,-0.0018431,0.35242,0.13689,3,-0.026174
2.94,8.0202,22.477,2.061,-0.0025495,0.35185,0.13667,3,-0.022294
2.95,7.9364,22.477,2.0618,-0.0032299,0.35133,0.13647,3,-0.019989
2.96,7.8654,22.477,2.0627,-0.0038395,0.35092,0.1363,3,-0.016096
2.97,8.0531,22.477,2.0637,-0.0043651,0.35061,0.13619,3,-0.011867
2.98,7.7946,22.477,2.0648,-0.0048658,0.35035,0.13609,3,-0.010016
2.99,8.0647,22.477,2.0659,-0.0053029,0.35018,0.13602,3,-0.0067909
3,8.0747,22.692,2.0671,-0.0056644,0.35009,0.13599,3,-0.0032555
3.01,7.9356,22.692,2.0678,-0.0045597,0.35143,0.1365,3,0.051851
3.02,8.3712,22.692,2.068,-0.0029493,0.35319,0.13719,3,0.06829
3.03,8.5235,22.692,2.0679,-0.0012138,0.35498,0.13788,3,0.069611
3.04,8.9951,22.692,2.0674,0.00050907,0.35667,0.13854,3,0.065618
3.05,8.6249,22.692,2.0666,0.0021143,0.35816,0.13912,3,0.057803
3.06,7.8525,22.692,2.0656,0.0036311,0.35948,0.13963,3,0.051368
3.07,8.4766,22.692,2.0643,0.0050739,0.36066,0.14009,3,0.045699
3.08,7.6456,22.692,2.0627,0.0063895,0.36164,0.14047,3,0.038239
3.09,8.1892,22.692,2.0609,0.0076228,0.36248,0.1408,3,0.032744
3.1,8.4256,22.914,2.0589,0.008792,0.36321,0.14108,3,0.02813
3.11,8.5262,22.914,2.0568,0.0097806,0.36371,0.14127,3,0.019335
3.12,8.6565,22.914,2.0545,0.010677,0.36407,0.14141,3,0.014229
3.13,8.6534,22.914,2.052,0.011518,0.36435,0.14152,3,0.010643
3.14,8.368,22.914,2.0494,0.012255,0.36449,0.14158,3,0.0054441
3.15,8.6822,22.914,2.0467,0.012935,0.36454,0.1416,3,0.0021949
3.16,8.4314,22.914,2.0439,0.013518,0.36448,0.14157,3,-0.0024837
3.17,8.2813,22.914,2.041,0.01405,0.36435,0.14152,3,-0.0051548
3.18,8.4024,22.914,2.038,0.014552,0.36417,0.14145,3,-0.0070139
3.19,7.8649,22.914,2.0349,0.01497,0.36389,0.14134,3,-0.010782
3.2,8.9093,23.144,2.0318,0.015349,0.36356,0.14122,3,-0.012739
3.21,8.6686,23.144,2.0291,0.014348,0.3619,0.14057,3,-0.06451
3.22,9.0546,23.144,2.0269,0.012909,0.35988,0.13979,3,-0.078439
3.23,8.6206,23.144,2.0249,0.011403,0.35788,0.13901,3,-0.077765
3.24,7.863,23.144,2.0233,0.0099014,0.35596,0.13826,3,-0.07437
3.25,8.9424,23.144,2.0219,0.0084862,0.35421,0.13758,3,-0.068001
3.26,8.6461,23.144,2.0207,0.0071217,0.35259,0.13695,3,-0.063187
3.27,9.1005,23.144,2.0198,0.0058533,0.35112,0.13638,3,-0.056834
3.28,8.7871,23.144,2.0191,0.0046948,0.34983,0.13588,3,-0.050214
3.29,8.2861,23.144,2.0186,0.0035871,0.34864,0.13542,3,-0.046049
3.3,8.5098,23.381,2.0183,0.0025686,0.3476,0.13502,3,-0.040594
3.31,8.9716,23.381,2.0173,0.0035537,0.34852,0.13537,3,0.035857
3.32,9.1172,23.381,2.0159,0.0052317,0.35005,0.13597,3,0.059519
3.33,8.8005,23.381,2.0141,0.007084,0.35166,0.1366,3,0.06255
3.34,8.7968,23.381,2.0118,0.0089234,0.35317,0.13718,3,0.058331
3.35,8.7781,23.381,2.0093,0.010629,0.35445,0.13768,3,0.049717
3.36,8.5675,23.381,2.0065,0.012228,0.35554,0.1381,3,0.042383
3.37,9.1848,23.381,2.0034,0.013733,0.35646,0.13846,3,0.035859
3.38,8.6803,23.381,2.0001,0.015092,0.35717,0.13873,3,0.027624
3.39,8.5755,23.381,1.9966,0.016352,0.35772,0.13895,3,0.021436
3.4,8.6484,23.623,1.9928,0.017533,0.35814,0.13911,3,0.016205
3.41,9.3487,23.623,1.9885,0.019418,0.35918,0.13951,3,0.040339
3.42,8.8472,23.623,1.9838,0.021476,0.3603,0.13995,3,0.043351
3.43,8.7843,23.623,1.9786,0.023442,0.36123,0.14031,3,0.036115
3.44,8.8798,23.623,1.9732,0.025283,0.36195,0.14059,3,0.027974
3.45,8.7398,23.623,1.9674,0.026995,0.36246,0.14079,3,0.019974
3.46,8.9086,23.623,1.9614,0.028523,0.36272,0.14089,3,0.010165
3.47,8.8485,23.623,1.9551,0.029913,0.36279,0.14092,3,0.0024969
3.48,8.8125,23.623,1.9486,0.031186,0.36268,0.14087,3,-0.0040656
3.49,8.9255,23.623,1.9419,0.032293,0.36237,0.14075,3,-0.012205
3.5,9.4373,23.873,1.935,0.033284,0.3619,0.14057,3,-0.018207
3.51,8.5885,23.873,1.9293,0.031091,0.35835,0.13919,3,-0.138
3.52,9.1987,23.873,1.9245,0.027854,0.35392,0.13747,3,-0.17188
3.53,8.7463,23.873,1.9203,0.024354,0.34942,0.13572,3,-0.17467
3.54,8.0387,23.873,1.9169,0.020936,0.34519,0.13408,3,-0.16432
3.55,9.0976,23.873,1.914,0.017709,0.34133,0.13258,3,-0.15015
3.56,9.4112,23.873,1.9117,0.01464,0.33778,0.1312,3,-0.1377
3.57,9.4761,23.873,1.9099,0.011773,0.33459,0.12996,3,-0.12412
3.58,9.4434,23.873,1.9086,0.0091155,0.33174,0.12886,3,-0.11069
3.59,9.2824,23.873,1.9078,0.0066056,0.32916,0.12785,3,-0.10011
3.6,8.9315,24.127,1.9074,0.0042779,0.32688,0.12697,3,-0.088606
3.61,9.6654,24.127,1.9066,0.0039713,0.32664,0.12688,3,-0.0091333
3.62,8.9761,24.127,1.9055,0.0044811,0.3272,0.12709,3,0.021429
3.63,9.2432,24.127,1.9042,0.0052637,0.32797,0.12739,3,0.030151
3.64,9.3307,24.127,1.9027,0.0061193,0.32877,0.1277,3,0.030933
3.65,8.9917,24.127,1.9011,0.0069805,0.32952,0.12799,3,0.029107
3.66,9.1904,24.127,1.8992,0.0078269,0.3302,0.12826,3,0.026554
3.67,8.9738,24.127,1.8973,0.0085927,0.33076,0.12847,3,0.021633
3.68,10.003,24.127,1.8952,0.0093182,0.33123,0.12866,3,0.018409
3.69,9.0004,24.127,1.893,0.0099593,0.33158,0.1288,3,0.013655
3.7,9.4417,24.386,1.8908,0.010563,0.33186,0.1289,3,0.010848
3.71,9.3205,24.386,1.8888,0.010122,0.33111,0.12861,3,-0.029305
3.72,9.3484,24.386,1.8871,0.0093483,0.33006,0.1282,3,-0.040859
3.73,9.3738,24.386,1.8855,0.0084612,0.32893,0.12777,3,-0.043625
3.74,9.5438,24.386,1.8841,0.0076004,0.32788,0.12736,3,-0.040982
3.75,9.7574,24.386,1.8829,0.0068116,0.32693,0.12699,3,-0.036712
3.76,8.8319,24.386,1.8818,0.0060458,0.32605,0.12664,3,-0.034429
3.77,9.5381,24.386,1.8809,0.0053444,0.32526,0.12634,3,-0.030675
3.78,9.5584,24.386,1.88,0.0046599,0.32451,0.12605,3,-0.028831
3.79,9.2795,24.386,1.8793,0.0040354,0.32386,0.1258,3,-0.025435
3.8,8.9533,24.65,1.8787,0.0034845,0.3233,0.12558,3,-0.021658
3.81,10.246,24.65,1.8771,0.0054002,0.32513,0.12629,3,0.070968
3.82,9.4321,24.65,1.8748,0.0081916,0.32769,0.12728,3,0.099483
3.83,9.876,24.65,1.8719,0.011166,0.33028,0.12829,3,0.10056
3.84,9.5854,24.65,1.8684,0.014074,0.33265,0.12921,3,0.092088
3.85,9.87,24.65,1.8644,0.016836,0.33473,0.13002,3,0.080886
3.86,9.5147,24.65,1.86,0.019432,0.33652,0.13071,3,0.069346
3.87,9.5899,24.65,1.8551,0.021802,0.33796,0.13127,3,0.055977
3.88,9.7288,24.65,1.8498,0.023993,0.33911,0.13172,3,0.044861
3.89,9.7464,24.65,1.8441,0.026026,0.34002,0.13207,3,0.034994
3.9,9.9654,24.919,1.8382,0.027853,0.34063,0.13231,3,0.023697
3.91,9.5086,24.919,1.8336,0.025595,0.33724,0.13099,3,-0.13147
3.92,9.9258,24.919,1.83,0.021981,0.33269,0.12922,3,-0.17685
3.93,9.6783,24.919,1.8272,0.018089,0.32806,0.12743,3,-0.1796
3.94,9.2254,24.919,1.8252,0.014241,0.32369,0.12573,3,-0.16988
3.95,9.7368,24.919,1.8238,0.010601,0.31972,0.12419,3,-0.15436
3.96,10.036,24.919,1.8231,0.0071524,0.31611,0.12279,3,-0.13998
3.97,9.9692,24.919,1.823,0.0039412,0.31291,0.12154,3,-0.12439
3.98,9.8935,24.919,1.8234,0.00097636,0.3101,0.12045,3,-0.10905
3.99,9.9343,24.919,1.8243,-0.0018065,0.30761,0.11948,3,-0.096699
4,9.9237,25.192,1.8256,-0.0043744,0.30546,0.11865,3,-0.083564
4.01,10.289,25.192,1.8275,-0.0069234,0.30345,0.11787,3,-0.078219
4.02,10.302,25.192,1.8298,-0.009318,0.3017,0.11719,3,-0.067934
4.03,9.7043,25.192,1.8325,-0.011511,0.30025,0.11662,3,-0.056276
4.04,9.6587,25.192,1.8356,-0.013554,0.29904,0.11616,3,-0.046937
4.05,9.7421,25.192,1.839,-0.015408,0.2981,0.11579,3,-0.036533
4.06,9.7413,25.192,1.8427,-0.017065,0.29743,0.11553,3,-0.026248
4.07,9.4204,25.192,1.8467,-0.018591,0.29694,0.11534,3,-0.018771
4.08,9.8311,25.192,1.8509,-0.01995,0.29668,0.11524,3,-0.010337
4.09,9.9787,25.192,1.8554,-0.021198,0.29657,0.11519,3,-0.0042307
4.1,10.047,25.468,1.86,-0.022296,0.29665,0.11522,3,0.0030444
4.11,10.504,25.468,1.8647,-0.023003,0.29713,0.11541,3,0.019021
4.12,10.014,25.468,1.8694,-0.023542,0.2978,0.11567,3,0.025871
4.13,10.014,25.468,1.8743,-0.023943,0.29861,0.11599,3,0.031322
4.14,10.087,25.468,1.8791,-0.024221,0.29953,0.11635,3,0.03597
4.15,9.7635,25.468,1.884,-0.024445,0.30051,0.11672,3,0.037789
4.16,10.176,25.468,1.8889,-0.024582,0.30156,0.11713,3,0.040771
4.17,10.461,25.468,1.8938,-0.024685,0.30263,0.11755,3,0.041694
4.18,10.307,25.468,1.8988,-0.024712,0.30376,0.11799,3,0.044066
4.19,10.415,25.468,1.9036,-0.024653,0.30497,0.11846,3,0.046727
4.2,10.125,25.748,1.9085,-0.024568,0.30618,0.11893,3,0.046986
4.21,9.7203,25.748,1.9132,-0.023943,0.30789,0.11959,3,0.066386
4.22,9.5401,25.748,1.9176,-0.023096,0.30976,0.12032,3,0.072854
4.23,10.256,25.748,1.9218,-0.022219,0.31161,0.12104,3,0.071852
4.24,10.308,25.748,1.9259,-0.021319,0.31343,0.12174,3,0.07052
4.25,9.9729,25.748,1.9298,-0.0204,0.31521,0.12243,3,0.06908
4.26,10.172,25.748,1.9335,-0.019524,0.31689,0.12309,3,0.065317
4.27,9.7957,25.748,1.937,-0.018653,0.31851,0.12372,3,0.063128
4.28,9.936,25.748,1.9405,-0.017833,0.32004,0.12431,3,0.059246
4.29,10.536,25.748,1.9437,-0.017021,0.32151,0.12488,3,0.057153
4.3,10.449,26.031,1.9468,-0.016201,0.32294,0.12544,3,0.055674
4.31,9.8881,26.031,1.95,-0.016091,0.32365,0.12571,3,0.02751
4.32,10.295,26.031,1.9533,-0.016255,0.32409,0.12588,3,0.017023
4.33,9.5281,26.031,1.9567,-0.016458,0.3245,0.12604,3,0.015821
4.34,10.307,26.031,1.9601,-0.016618,0.32495,0.12622,3,0.017787
4.35,10.34,26.031,1.9635,-0.016769,0.32543,0.1264,3,0.018332
4.36,9.8827,26.031,1.9669,-0.016868,0.32595,0.12661,3,0.020544
4.37,9.6778,26.031,1.9704,-0.016899,0.32655,0.12684,3,0.023148
4.38,10.576,26.031,1.9738,-0.016922,0.32715,0.12707,3,0.023427
4.39,10.693,26.031,1.9772,-0.016899,0.3278,0.12733,3,0.02513
4.4,10.256,26.317,1.9806,-0.016818,0.3285,0.1276,3,0.027194
4.41,10.129,26.317,1.9834,-0.015354,0.33052,0.12838,3,0.078395
4.42,9.8865,26.317,1.9857,-0.013481,0.33285,0.12929,3,0.090591
4.43,10.455,26.317,1.9876,-0.011521,0.33517,0.13019,3,0.090098
4.44,10.187,26.317,1.9891,-0.0095885,0.33736,0.13104,3,0.085225
4.45,9.8525,26.317,1.9904,-0.0077799,0.33934,0.13181,3,0.076858
4.46,10.156,26.317,1.9912,-0.0060638,0.34115,0.13251,3,0.069981
4.47,10.523,26.317,1.9919,-0.0044852,0.34273,0.13313,3,0.061665
4.48,10.222,26.317,1.9922,-0.0029956,0.34416,0.13368,3,0.055469
4.49,10.373,26.317,1.9922,-0.0015755,0.34545,0.13418,3,0.050219
4.5,10.119,26.606,1.9921,-0.00027724,0.34657,0.13461,3,0.043194
4.51,10.24,26.606,1.991,0.0026069,0.34914,0.13561,3,0.099962
4.52,10.665,26.606,1.9892,0.0058885,0.35196,0.13671,3,0.10938
4.53,10.352,26.606,1.9867,0.0091658,0.35461,0.13774,3,0.10313
4.54,10.583,26.606,1.9836,0.012298,0.35697,0.13866,3,0.091763
4.55,10.595,26.606,1.98,0.015185,0.35896,0.13943,3,0.076997
4.56,10.407,26.606,1.9759,0.017861,0.36061,0.14007,3,0.064094
4.57,10.647,26.606,1.9714,0.020347,0.36196,0.14059,3,0.052438
4.58,10.516,26.606,1.9664,0.022595,0.36297,0.14099,3,0.039455
4.59,10.068,26.606,1.9611,0.024656,0.36371,0.14128,3,0.028877
4.6,10.802,26.898,1.9555,0.026495,0.36416,0.14145,3,0.017366
4.61,10.26,26.898,1.9508,0.025354,0.36168,0.14049,3,-0.096247
4.62,9.8182,26.898,1.9467,0.023196,0.35831,0.13918,3,-0.13085
4.63,10.662,26.898,1.9431,0.020736,0.35479,0.13781,3,-0.13694
4.64,10.209,26.898,1.9401,0.018293,0.35143,0.1365,3,-0.13064
4.65,10.947,26.898,1.9374,0.015913,0.34826,0.13527,3,-0.12282
4.66,9.9894,26.898,1.9352,0.013666,0.34536,0.13415,3,-0.11264
4.67,9.8382,26.898,1.9334,0.01157,0.34274,0.13313,3,-0.10211
4.68,10.206,26.898,1.9319,0.0095682,0.34031,0.13219,3,-0.094153
4.69,10.244,26.898,1.9308,0.0076973,0.33812,0.13133,3,-0.08506
4.7,10.52,27.193,1.93,0.0059689,0.33617,0.13058,3,-0.075894
4.71,10.768,27.193,1.929,0.0053571,0.33537,0.13027,3,-0.030844
4.72,10.807,27.193,1.928,0.0051264,0.33498,0.13011,3,-0.015441
4.73,10.212,27.193,1.927,0.0050495,0.33474,0.13002,3,-0.0092826
4.74,10.456,27.193,1.926,0.0050435,0.33457,0.12995,3,-0.0065192
4.75,10.272,27.193,1.925,0.0050199,0.33438,0.12988,3,-0.0071931
4.76,10.811,27.193,1.924,0.0050105,0.33421,0.12982,3,-0.0066402
4.77,10.879,27.193,1.9229,0.0049679,0.33401,0.12974,3,-0.0078838
4.78,10.657,27.193,1.9219,0.0049372,0.33382,0.12966,3,-0.0073825
4.79,10.022,27.193,1.9209,0.0049345,0.33366,0.1296,3,-0.0063041
4.8,10.495,27.488,1.92,0.0049039,0.33347,0.12953,3,-0.0073615
4.81,10.86,27.488,1.9186,0.0057068,0.33408,0.12976,3,0.023678
4.82,10.588,27.488,1.917,0.0067923,0.33492,0.13009,3,0.032565
4.83,10.532,27.488,1.9152,0.007882,0.3357,0.1304,3,0.030552
4.84,10.598,27.488,1.9131,0.0089381,0.3364,0.13067,3,0.027164
4.85,10.965,27.488,1.9109,0.0099511,0.33701,0.1309,3,0.023526
4.86,10.633,27.488,1.9085,0.01086,0.33746,0.13108,3,0.017729
4.87,10.091,27.488,1.906,0.011707,0.33782,0.13122,3,0.013746
4.88,9.9933,27.488,1.9033,0.012509,0.33809,0.13132,3,0.01056
4.89,10.475,27.488,1.9005,0.013214,0.33823,0.13138,3,0.005502
4.9,10.908,27.786,1.8976,0.013866,0.33829,0.1314,3,0.0023038
4.91,10.76,27.786,1.8953,0.01277,0.33665,0.13076,3,-0.063798
4.92,10.621,27.786,1.8934,0.011113,0.33453,0.12994,3,-0.082246
4.93,10.291,27.786,1.892,0.0093012,0.33236,0.1291,3,-0.084513
4.94,10.793,27.786,1.8908,0.0075421,0.33033,0.12831,3,-0.078831
4.95,10.402,27.786,1.89,0.0059027,0.3285,0.1276,3,-0.070823
4.96,10.294,27.786,1.8894,0.0043391,0.32684,0.12695,3,-0.064747
4.97,10.569,27.786,1.8891,0.0028925,0.32536,0.12638,3,-0.05734
4.98,10.381,27.786,1.8891,0.0015141,0.32402,0.12586,3,-0.052035
4.99,10.511,27.786,1.8893,0.00024517,0.32285,0.1254,3,-0.045373
5,11.023,28.084,1.8897,-0.00090234,0.32186,0.12502,3,-0.038519
5.01,10.364,28.084,1.8906,-0.0027276,0.32027,0.1244,3,-0.061669
5.02,10.159,28.084,1.8919,-0.0046834,0.31865,0.12377,3,-0.063135
5.03,10.378,28.084,1.8936,-0.0066188,0.31713,0.12318,3,-0.058773
5.04,10.669,28.084,1.8957,-0.0084212,0.31584,0.12268,3,-0.050312
5.05,11.238,28.084,1.898,-0.010057,0.31479,0.12227,3,-0.0409
5.06,10.84,28.084,1.9006,-0.01158,0.31391,0.12193,3,-0.033924
5.07,10.609,28.084,1.9035,-0.012956,0.31325,0.12167,3,-0.025843
5.08,10.776,28.084,1.9065,-0.014175,0.31279,0.1215,3,-0.01777
5.09,10.886,28.084,1.9098,-0.015301,0.31247,0.12137,3,-0.012367
5.1,10.798,28.384,1.9132,-0.016298,0.31232,0.12131,3,-0.0058616
5.11,10.367,28.384,1.9162,-0.015852,0.31359,0.12181,3,0.049238
5.12,11.184,28.384,1.919,-0.014926,0.31528,0.12246,3,0.065668
5.13,10.29,28.384,1.9215,-0.013838,0.31706,0.12316,3,0.06935
5.14,10.619,28.384,1.9237,-0.012703,0.31883,0.12384,3,0.068439
5.15,10.205,28.384,1.9258,-0.011623,0.32047,0.12448,3,0.063775
5.16,10.758,28.384,1.9277,-0.010568,0.32202,0.12508,3,0.060334
5.17,10.583,28.384,1.9293,-0.0095268,0.3235,0.12566,3,0.05743
5.18,10.558,28.384,1.9308,-0.0085565,0.32485,0.12618,3,0.052493
5.19,10.983,28.384,1.9321,-0.0076153,0.32612,0.12667,3,0.049289
5.2,10.348,28.684,1.9333,-0.0067483,0.32727,0.12712,3,0.044508
5.21,11.247,28.684,1.933,-0.0029045,0.33121,0.12865,3,0.1534
5.22,10.948,28.684,1.9317,0.0018006,0.33579,0.13043,3,0.17769
5.23,10.694,28.684,1.9293,0.0065989,0.34021,0.13215,3,0.17182
5.24,10.458,28.684,1.9261,0.011219,0.34422,0.13371,3,0.1558
5.25,10.937,28.684,1.9221,0.015516,0.3477,0.13505,3,0.13496
5.26,10.76,28.684,1.9173,0.019517,0.35068,0.13621,3,0.11581
5.27,10.596,28.684,1.912,0.02318,0.35315,0.13717,3,0.095896
5.28,11.125,28.684,1.906,0.026563,0.35518,0.13796,3,0.078863
5.29,10.992,28.684,1.8994,0.029694,0.35681,0.1386,3,0.063534
5.3,10.507,28.984,1.8923,0.032529,0.35803,0.13907,3,0.047161
5.31,11.089,28.984,1.8849,0.03497,0.35874,0.13934,3,0.02773
5.32,10.531,28.984,1.877,0.037146,0.3591,0.13948,3,0.014038
5.33,10.126,28.984,1.8689,0.039056,0.35912,0.13949,3,0.00077828
5.34,10.53,28.984,1.8604,0.040767,0.35888,0.1394,3,-0.0094288
5.35,10.764,28.984,1.8516,0.042308,0.35842,0.13922,3,-0.018102
5.36,10.641,28.984,1.8427,0.043635,0.35769,0.13894,3,-0.028088
5.37,10.397,28.984,1.8335,0.044801,0.35677,0.13858,3,-0.03573
5.38,10.142,28.984,1.8242,0.045768,0.35563,0.13814,3,-0.044376
5.39,10.83,28.984,1.8147,0.046593,0.35433,0.13763,3,-0.050604
5.4,10.555,29.283,1.8051,0.0473,0.3529,0.13707,3,-0.055626
5.41,10.555,29.283,1.7958,0.047131,0.35061,0.13619,3,-0.08866
5.42,10.141,29.283,1.7866,0.046626,0.34804,0.13519,3,-0.099855
5.43,10.971,29.283,1.7775,0.045941,0.34535,0.13414,3,-0.10464
5.44,10.581,29.283,1.7687,0.045199,0.34265,0.1331,3,-0.1046
5.45,11.062,29.283,1.7599,0.044443,0.34001,0.13207,3,-0.10285
5.46,10.347,29.283,1.7514,0.043629,0.33736,0.13104,3,-0.10279
5.47,10.938,29.283,1.743,0.042805,0.33476,0.13003,3,-0.10092
5.48,10.371,29.283,1.7347,0.041989,0.33223,0.12905,3,-0.098384
5.49,10.028,29.283,1.7267,0.041128,0.32971,0.12807,3,-0.09788
5.5,10.555,29.582,1.7187,0.040268,0.32725,0.12711,3,-0.095681
5.51,10.556,29.582,1.7113,0.038771,0.32423,0.12594,3,-0.11725
5.52,10.785,29.582,1.7042,0.037096,0.32112,0.12473,3,-0.12053
5.53,10.685,29.582,1.6974,0.035421,0.31812,0.12356,3,-0.11683
5.54,10.998,29.582,1.6909,0.033753,0.31521,0.12243,3,-0.11307
5.55,10.652,29.582,1.6848,0.03215,0.31245,0.12136,3,-0.10711
5.56,10.586,29.582,1.6789,0.030634,0.30986,0.12036,3,-0.1006
5.57,10.042,29.582,1.6733,0.029149,0.30738,0.11939,3,-0.09638
5.58,10.437,29.582,1.668,0.027735,0.30504,0.11849,3,-0.09076
5.59,10.632,29.582,1.6629,0.026348,0.3028,0.11761,3,-0.087054
5.6,10.669,29.881,1.6581,0.025029,0.30069,0.1168,3,-0.081794
5.61,10.106,29.881,1.654,0.022731,0.29771,0.11564,3,-0.11578
5.62,10.929,29.881,1.6504,0.020129,0.29456,0.11441,3,-0.12265
5.63,10.861,29.881,1.6474,0.017553,0.29155,0.11325,3,-0.11676
5.64,10.23,29.881,1.6448,0.015058,0.28875,0.11216,3,-0.10893
5.65,9.9642,29.881,1.6427,0.012719,0.28621,0.11117,3,-0.098539
5.66,10.724,29.881,1.6409,0.010556,0.28395,0.11029,3,-0.087757
5.67,10.575,29.881,1.6396,0.0085102,0.2819,0.1095,3,-0.079585
5.68,10.564,29.881,1.6385,0.0066178,0.28009,0.10879,3,-0.070358
5.69,10.154,29.881,1.6378,0.0048875,0.27851,0.10818,3,-0.061146
5.7,11.238,30.179,1.6374,0.003257,0.27711,0.10764,3,-0.054603
5.71,10.313,30.179,1.6387,-0.0016511,0.27263,0.1059,3,-0.17392
5.72,10.579,30.179,1.6414,-0.0075351,0.26745,0.10389,3,-0.20108
5.73,10.268,30.179,1.6453,-0.01343,0.26255,0.10198,3,-0.19055
5.74,9.8172,30.179,1.6501,-0.018998,0.25824,0.1003,3,-0.16755
5.75,10.342,30.179,1.656,-0.024201,0.25453,0.098866,3,-0.14393
5.76,10.692,30.179,1.6627,-0.028982,0.25146,0.097675,3,-0.11908
5.77,10.267,30.179,1.6702,-0.033337,0.24902,0.096724,3,-0.095038
5.78,10.362,30.179,1.6784,-0.03734,0.24709,0.095978,3,-0.074672
5.79,10.464,30.179,1.6872,-0.040967,0.2457,0.095436,3,-0.054219
5.8,10.781,30.475,1.6966,-0.044223,0.24481,0.095089,3,-0.034685
5.81,10.608,30.475,1.7059,-0.045652,0.24579,0.09547,3,0.038174
5.82,10.727,30.475,1.7152,-0.046283,0.24757,0.096161,3,0.069074
5.83,10.714,30.475,1.7245,-0.046592,0.24965,0.096968,3,0.080716
5.84,10.331,30.475,1.7337,-0.046696,0.2519,0.097842,3,0.087408
5.85,10.994,30.475,1.7429,-0.046641,0.25427,0.098764,3,0.092117
5.86,10.725,30.475,1.7521,-0.046505,0.25668,0.0997,3,0.093602
5.87,9.9957,30.475,1.7612,-0.04626,0.25915,0.10066,3,0.09608
5.88,10.774,30.475,1.7703,-0.0459,0.26169,0.10165,3,0.098629
5.89,10.105,30.475,1.7792,-0.045489,0.26423,0.10263,3,0.098625
5.9,10.816,30.771,1.7881,-0.044994,0.2668,0.10363,3,0.099847
5.91,10.515,30.771,1.7966,-0.043878,0.26991,0.10484,3,0.12091
5.92,10.527,30.771,1.8048,-0.042569,0.27313,0.10609,3,0.12489
5.93,10.641,30.771,1.8127,-0.041176,0.27633,0.10733,3,0.12454
5.94,10.787,30.771,1.8203,-0.039802,0.27943,0.10854,3,0.1203
5.95,10.333,30.771,1.8277,-0.038421,0.28244,0.10971,3,0.11707
5.96,10.202,30.771,1.8348,-0.037028,0.28538,0.11085,3,0.1142
5.97,10.887,30.771,1.8417,-0.035681,0.28819,0.11194,3,0.10914
5.98,10.691,30.771,1.8483,-0.034342,0.29092,0.113,3,0.10568
5.99,9.8767,30.771,1.8547,-0.032999,0.29356,0.11403,3,0.10276
6,10.402,31.065,1.8608,-0.031711,0.29608,0.115,3,0.097717
6.01,10.355,31.065,1.8656,-0.028128,0.30072,0.11681,3,0.18023
6.02,10.094,31.065,1.8695,-0.02389,0.30579,0.11878,3,0.19724
6.03,10.201,31.065,1.8726,-0.019579,0.31072,0.12069,3,0.19142
6.04,10.623,31.065,1.8748,-0.015461,0.31525,0.12245,3,0.17567
6.05,11.083,31.065,1.8764,-0.011559,0.31935,0.12405,3,0.1596
6.06,10.74,31.065,1.8773,-0.0078718,0.32307,0.12549,3,0.14416
6.07,10.208,31.065,1.8775,-0.0044519,0.32634,0.12676,3,0.12729
6.08,10.325,31.065,1.8772,-0.0012503,0.32925,0.12789,3,0.11289
6.09,10.297,31.065,1.8763,0.0017562,0.33182,0.12889,3,0.099866
6.1,10.337,31.356,1.8749,0.0045199,0.33402,0.12974,3,0.085535
6.11,10.273,31.356,1.8727,0.0077462,0.33655,0.13072,3,0.097985
6.12,10.127,31.356,1.8699,0.010946,0.3389,0.13164,3,0.091375
6.13,10.252,31.356,1.8666,0.013995,0.34096,0.13244,3,0.080267
6.14,10.141,31.356,1.8627,0.016855,0.34272,0.13312,3,0.068081
6.15,10.735,31.356,1.8584,0.019459,0.3441,0.13366,3,0.053836
6.16,10.523,31.356,1.8536,0.021852,0.34518,0.13408,3,0.041839
6.17,10.576,31.356,1.8484,0.024058,0.34598,0.13439,3,0.031175
6.18,10.286,31.356,1.8429,0.02603,0.34648,0.13458,3,0.01919
6.19,10.236,31.356,1.837,0.027821,0.34672,0.13468,3,0.0095979
6.2,10.468,31.644,1.8309,0.029394,0.3467,0.13467,3,-0.00094068
6.21,9.8136,31.644,1.825,0.029791,0.3455,0.1342,3,-0.046698
6.22,10.817,31.644,1.8191,0.029736,0.34387,0.13357,3,-0.063175
6.23,10.657,31.644,1.8134,0.029458,0.34206,0.13286,3,-0.070319
6.24,10.816,31.644,1.8077,0.029103,0.34022,0.13215,3,-0.071585
6.25,10.291,31.644,1.8021,0.028724,0.33839,0.13144,3,-0.070792
6.26,10.492,31.644,1.7966,0.02828,0.33655,0.13073,3,-0.07158
6.27,9.7608,31.644,1.7912,0.027818,0.33474,0.13002,3,-0.070523
6.28,9.8699,31.644,1.7859,0.027357,0.33297,0.12933,3,-0.068785
6.29,10.215,31.644,1.7807,0.026844,0.33119,0.12864,3,-0.069068
6.3,9.8071,31.93,1.7755,0.026324,0.32945,0.12797,3,-0.067641
6.31,9.9773,31.93,1.7695,0.028138,0.32998,0.12817,3,0.020842
6.32,10.216,31.93,1.7629,0.030631,0.33109,0.1286,3,0.043043
6.33,10.162,31.93,1.7557,0.033218,0.33218,0.12903,3,0.04214
6.34,10.035,31.93,1.748,0.035692,0.33304,0.12936,3,0.033441
6.35,9.5318,31.93,1.74,0.037932,0.33356,0.12956,3,0.020489
6.36,9.9755,31.93,1.7315,0.039968,0.3338,0.12966,3,0.0091647
6.37,9.7668,31.93,1.7228,0.04182,0.33378,0.12965,3,-0.00095723
6.38,10.163,31.93,1.7138,0.043442,0.33346,0.12952,3,-0.012402
6.39,9.8982,31.93,1.7045,0.044886,0.3329,0.12931,3,-0.021438
6.4,10.368,32.212,1.695,0.046117,0.3321,0.12899,3,-0.031408
6.41,10.013,32.212,1.6864,0.044704,0.32871,0.12768,3,-0.13137
6.42,10.237,32.212,1.6784,0.042326,0.3245,0.12604,3,-0.16357
6.43,10.088,32.212,1.6711,0.039712,0.32021,0.12438,3,-0.16685
6.44,10.208,32.212,1.6642,0.037065,0.31603,0.12275,3,-0.16219
6.45,9.6048,32.212,1.6578,0.034513,0.3121,0.12123,3,-0.15287
6.46,10.234,32.212,1.6519,0.032095,0.30843,0.1198,3,-0.14241
6.47,9.9284,32.212,1.6464,0.029758,0.30497,0.11846,3,-0.13425
6.48,9.6371,32.212,1.6413,0.027543,0.30176,0.11721,3,-0.12485
6.49,10.128,32.212,1.6366,0.025461,0.29879,0.11606,3,-0.11533
6.5,9.5337,32.492,1.6323,0.023455,0.296,0.11497,3,-0.10834
6.51,10.315,32.492,1.6273,0.023978,0.29574,0.11487,3,-0.010296
6.52,9.5711,32.492,1.6219,0.025317,0.29622,0.11506,3,0.018917
6.53,10.151,32.492,1.6161,0.026861,0.29683,0.1153,3,0.023771
6.54,10.345,32.492,1.61,0.028391,0.29735,0.1155,3,0.020131
6.55,10.11,32.492,1.6037,0.029777,0.29766,0.11562,3,0.011765
6.56,9.3531,32.492,1.5971,0.031045,0.29777,0.11566,3,0.0046425
6.57,9.6764,32.492,1.5904,0.03221,0.29773,0.11565,3,-0.0016222
6.58,10.332,32.492,1.5834,0.03322,0.29749,0.11555,3,-0.0095317
6.59,10.115,32.492,1.5764,0.034124,0.29709,0.1154,3,-0.015337
6.6,10.275,32.768,1.5692,0.034882,0.29652,0.11517,3,-0.022364
6.61,10.023,32.768,1.5632,0.032387,0.29279,0.11373,3,-0.14466
6.62,10.139,32.768,1.5581,0.028838,0.28819,0.11194,3,-0.17864
6.63,10.025,32.768,1.5539,0.025039,0.28354,0.11013,3,-0.18067
6.64,9.7058,32.768,1.5504,0.021342,0.27918,0.10844,3,-0.16931
6.65,9.9885,32.768,1.5475,0.017857,0.27522,0.1069,3,-0.15411
6.66,9.9147,32.768,1.5452,0.014553,0.27159,0.10549,3,-0.14068
6.67,10.335,32.768,1.5435,0.011469,0.26835,0.10423,3,-0.1262
6.68,10.099,32.768,1.5423,0.0085537,0.26541,0.10309,3,-0.11418
6.69,9.4886,32.768,1.5416,0.005845,0.2628,0.10208,3,-0.10118
6.7,10.098,33.041,1.5414,0.003351,0.26053,0.10119,3,-0.088362
6.71,9.7552,33.041,1.5419,0.00010533,0.25764,0.10007,3,-0.11198
6.72,9.8126,33.041,1.5432,-0.0032958,0.25476,0.098955,3,-0.11196
6.73,9.7461,33.041,1.5451,-0.0065588,0.25217,0.097948,3,-0.10078
6.74,9.9618,33.041,1.5476,-0.0095841,0.24995,0.097085,3,-0.086255
6.75,9.8811,33.041,1.5506,-0.012407,0.24805,0.096349,3,-0.073584
6.76,9.4522,33.041,1.554,-0.014988,0.24651,0.09575,3,-0.05989
6.77,9.3309,33.041,1.5579,-0.01738,0.24525,0.095263,3,-0.04873
6.78,9.6857,33.041,1.5622,-0.01955,0.24431,0.094896,3,-0.036674
6.79,10.07,33.041,1.5668,-0.02149,0.24367,0.094647,3,-0.024881
6.8,10.013,33.311,1.5717,-0.023267,0.24326,0.094487,3,-0.016025
6.81,9.5189,33.311,1.577,-0.025131,0.24283,0.094319,3,-0.01678
6.82,9.6458,33.311,1.5827,-0.026883,0.24257,0.09422,3,-0.0099797
6.83,9.8916,33.311,1.5886,-0.028453,0.24255,0.094212,3,-0.00079071
6.84,9.5113,33.311,1.5948,-0.029883,0.24271,0.094276,3,0.0064423
6.85,9.5313,33.311,1.6012,-0.031135,0.2431,0.094425,3,0.014859
6.86,9.6108,33.311,1.6078,-0.03226,0.24364,0.094634,3,0.020958
6.87,9.5516,33.311,1.6146,-0.033223,0.24436,0.094916,3,0.028176
6.88,9.5908,33.311,1.6215,-0.034017,0.24527,0.095269,3,0.035345
6.89,9.8166,33.311,1.6285,-0.034706,0.2463,0.095667,3,0.039785
6.9,9.4455,33.578,1.6356,-0.035258,0.24746,0.09612,3,0.045262
6.91,9.5864,33.578,1.6418,-0.033391,0.25095,0.097474,3,0.13539
6.92,9.661,33.578,1.6473,-0.030677,0.25512,0.099096,3,0.16221
6.93,8.7131,33.578,1.6522,-0.027741,0.25935,0.10074,3,0.16421
6.94,9.4663,33.578,1.6565,-0.024871,0.26335,0.10229,3,0.15519
6.95,9.5495,33.578,1.6603,-0.022101,0.26708,0.10374,3,0.14518
6.96,10.097,33.578,1.6636,-0.019496,0.27051,0.10507,3,0.13305
6.97,9.6333,33.578,1.6665,-0.017014,0.27367,0.1063,3,0.12294
6.98,9.2699,33.578,1.6689,-0.014637,0.2766,0.10744,3,0.11386
6.99,9.0834,33.578,1.671,-0.012418,0.27926,0.10847,3,0.10312
7,9.7697,33.841,1.6726,-0.010313,0.28169,0.10942,3,0.094434
7.01,9.2571,33.841,1.6745,-0.009702,0.28258,0.10976,3,0.03464
7.02,8.5994,33.841,1.6764,-0.0096144,0.28295,0.1099,3,0.014073
7.03,9.4536,33.841,1.6784,-0.0096673,0.28317,0.10999,3,0.0087919
7.04,9.1453,33.841,1.6804,-0.0097845,0.28334,0.11006,3,0.0066256
7.05,9.7797,33.841,1.6825,-0.0098818,0.28354,0.11013,3,0.0077076
7.06,9.3196,33.841,1.6845,-0.0099332,0.28379,0.11023,3,0.0097111
7.07,9.1118,33.841,1.6866,-0.0099934,0.28404,0.11033,3,0.0095755
7.08,8.7208,33.841,1.6886,-0.010022,0.28432,0.11044,3,0.010948
7.09,9.21,33.841,1.6907,-0.010067,0.28459,0.11054,3,0.010509
7.1,8.6745,34.1,1.6927,-0.010083,0.28489,0.11066,3,0.01173
7.11,8.6483,34.1,1.6931,-0.0061421,0.28898,0.11225,3,0.15899
7.12,9.6113,34.1,1.6922,-0.00093996,0.29408,0.11423,3,0.19811
7.13,9.1383,34.1,1.6902,0.0044026,0.29906,0.11616,3,0.19313
7.14,8.8703,34.1,1.6872,0.0095485,0.30357,0.11792,3,0.17549
7.15,9.2504,34.1,1.6833,0.014397,0.30756,0.11946,3,0.15464
7.16,9.0858,34.1,1.6787,0.018867,0.31094,0.12078,3,0.13156
7.17,9.4728,34.1,1.6732,0.023006,0.3138,0.12189,3,0.1111
7.18,8.4996,34.1,1.6672,0.026782,0.31613,0.12279,3,0.090209
7.19,9.3886,34.1,1.6604,0.030255,0.31799,0.12351,3,0.072353
7.2,9.2378,34.353,1.6531,0.033454,0.31944,0.12408,3,0.056303
7.21,9.0301,34.353,1.6461,0.03448,0.31867,0.12378,3,-0.029781
7.22,8.9293,34.353,1.6392,0.034668,0.31708,0.12316,3,-0.061813
7.23,8.767,34.353,1.6324,0.03455,0.31521,0.12244,3,-0.072449
7.24,8.8755,34.353,1.6257,0.034261,0.31322,0.12166,3,-0.077503
7.25,9.1614,34.353,1.6191,0.033908,0.3112,0.12088,3,-0.078254
7.26,8.9162,34.353,1.6125,0.033529,0.30921,0.1201,3,-0.077536
7.27,8.6781,34.353,1.606,0.033077,0.30719,0.11932,3,-0.078583
7.28,8.8406,34.353,1.5997,0.032599,0.30518,0.11854,3,-0.077818
7.29,9.1546,34.353,1.5934,0.032053,0.30316,0.11775,3,-0.078587
7.3,9.0106,34.602,1.5873,0.031489,0.30116,0.11698,3,-0.077445
7.31,8.3881,34.602,1.5815,0.030129,0.29846,0.11593,3,-0.10522
7.32,8.722,34.602,1.5762,0.028532,0.29561,0.11482,3,-0.11073
7.33,8.8854,34.602,1.5712,0.026856,0.29278,0.11372,3,-0.10993
7.34,8.9199,34.602,1.5665,0.02522,0.29008,0.11268,3,-0.10459
7.35,8.6931,34.602,1.5621,0.023607,0.2875,0.11167,3,-0.10014
7.36,9.2821,34.602,1.558,0.022067,0.28509,0.11074,3,-0.093847
7.37,8.6387,34.602,1.5542,0.020619,0.28285,0.10986,3,-0.087127
7.38,8.7189,34.602,1.5506,0.019206,0.28071,0.10904,3,-0.08275
7.39,8.8735,34.602,1.5473,0.017869,0.27873,0.10827,3,-0.076997
7.4,8.8383,34.845,1.5442,0.016561,0.27685,0.10753,3,-0.073176
7.41,8.4859,34.845,1.5416,0.014934,0.27473,0.10671,3,-0.082383
7.42,8.7176,34.845,1.5392,0.013274,0.27266,0.10591,3,-0.08041
7.43,8.3494,34.845,1.5372,0.011629,0.27069,0.10514,3,-0.076609
7.44,8.6608,34.845,1.5355,0.010077,0.26888,0.10444,3,-0.070009
7.45,8.9785,34.845,1.534,0.0086417,0.26727,0.10381,3,-0.06273
7.46,8.8711,34.845,1.5328,0.007268,0.26578,0.10324,3,-0.0578
7.47,8.6686,34.845,1.5318,0.0059945,0.26445,0.10272,3,-0.051583
7.48,9.3682,34.845,1.531,0.0047728,0.26323,0.10225,3,-0.047406
7.49,8.5365,34.845,1.5305,0.0036447,0.26216,0.10183,3,-0.041799
7.5,8.2148,35.084,1.5301,0.0026231,0.26123,0.10147,3,-0.03593
7.51,8.5148,35.084,1.5293,0.003205,0.26188,0.10172,3,0.025397
7.52,8.2864,35.084,1.5281,0.0043555,0.26304,0.10217,3,0.045005
7.53,8.3587,35.084,1.5266,0.0056644,0.26428,0.10265,3,0.048255
7.54,8.7248,35.084,1.5249,0.0069225,0.2654,0.10309,3,0.043469
7.55,7.8514,35.084,1.523,0.0081224,0.2664,0.10348,3,0.038562
7.56,8.7904,35.084,1.5208,0.0092066,0.26721,0.10379,3,0.031686
7.57,7.4784,35.084,1.5185,0.01022,0.2679,0.10406,3,0.02675
7.58,8.2511,35.084,1.516,0.01118,0.26849,0.10429,3,0.022687
7.59,9.0052,35.084,1.5134,0.012035,0.26892,0.10445,3,0.016803
7.6,8.2422,35.319,1.5106,0.012829,0.26925,0.10458,3,0.012811
7.61,8.0145,35.319,1.508,0.012998,0.26894,0.10446,3,-0.01199
7.62,8.542,35.319,1.5054,0.012889,0.26836,0.10424,3,-0.022604
7.63,8.3756,35.319,1.5029,0.012705,0.26771,0.10398,3,-0.025166
7.64,8.3189,35.319,1.5004,0.012458,0.26701,0.10371,3,-0.027092
7.65,8.3487,35.319,1.498,0.012212,0.26633,0.10345,3,-0.026482
7.66,8.3818,35.319,1.4956,0.011991,0.26568,0.1032,3,-0.025064
7.67,8.6966,35.319,1.4933,0.011741,0.26502,0.10294,3,-0.025717
7.68,8.4111,35.319,1.491,0.011502,0.26439,0.10269,3,-0.024761
7.69,9.4527,35.319,1.4888,0.01123,0.26373,0.10244,3,-0.025513
7.7,8.315,35.548,1.4866,0.010971,0.2631,0.10219,3,-0.024512
7.71,8.5259,35.548,1.4851,0.0093682,0.26119,0.10145,3,-0.07399
7.72,7.7265,35.548,1.484,0.0073725,0.25899,0.1006,3,-0.085427
7.73,8.1395,35.548,1.4833,0.0053558,0.25687,0.099776,3,-0.082296
7.74,7.9659,35.548,1.483,0.0034485,0.25496,0.099033,3,-0.074332
7.75,8.108,35.548,1.483,0.001629,0.25322,0.098359,3,-0.067457
7.76,7.8998,35.548,1.4834,-5.5166e-05,0.2517,0.097768,3,-0.05904
7.77,7.8151,35.548,1.484,-0.0016519,0.25035,0.097241,3,-0.05272
7.78,8.5078,35.548,1.4849,-0.0031204,0.24919,0.09679,3,-0.045105
7.79,8.4773,35.548,1.486,-0.0044499,0.24822,0.096416,3,-0.037371
7.8,7.9146,35.772,1.4874,-0.005701,0.24739,0.096094,3,-0.03221
7.81,7.9472,35.772,1.4888,-0.0065951,0.24696,0.095925,3,-0.016857
7.82,8.1516,35.772,1.4904,-0.0072892,0.24675,0.095845,3,-0.0080793
7.83,8.0857,35.772,1.492,-0.0078497,0.2467,0.095823,3,-0.0021818
7.84,7.7228,35.772,1.4938,-0.008365,0.2467,0.095825,3,0.00016645
7.85,7.125,35.772,1.4956,-0.0088067,0.24679,0.095859,3,0.0034827
7.86,7.8034,35.772,1.4975,-0.0092264,0.24691,0.095907,3,0.0047387
7.87,7.464,35.772,1.4994,-0.0095827,0.2471,0.095982,3,0.0074963
7.88,7.6933,35.772,1.5014,-0.0098631,0.24738,0.096088,3,0.01061
7.89,9.1229,35.772,1.5035,-0.010126,0.24767,0.096202,3,0.011386
7.9,7.3711,35.992,1.5055,-0.010334,0.24802,0.096337,3,0.013565
7.91,7.2367,35.992,1.5071,-0.0092907,0.24957,0.096939,3,0.060142
7.92,7.6838,35.992,1.5083,-0.007811,0.25147,0.097678,3,0.073896
7.93,7.0809,35.992,1.5092,-0.0062192,0.2534,0.098426,3,0.074784
7.94,7.3806,35.992,1.5098,-0.0046934,0.25517,0.099114,3,0.068888
7.95,7.812,35.992,1.5101,-0.0032312,0.2568,0.099747,3,0.063279
7.96,7.7827,35.992,1.5102,-0.0018877,0.25824,0.10031,3,0.055811
7.97,7.9547,35.992,1.51,-0.000618,0.25953,0.10081,3,0.050305
7.98,7.1047,35.992,1.5096,0.00059614,0.26071,0.10127,3,0.045672
7.99,8.1488,35.992,1.5091,0.0017015,0.26172,0.10166,3,0.039215
8,7.6709,36.206,1.5083,0.002742,0.26261,0.102,3,0.034651
8.01,8.143,36.206,1.508,0.0022563,0.26199,0.10176,3,-0.024107
8.02,7.2255,36.206,1.5079,0.0012703,0.26092,0.10135,3,-0.041625
8.03,7.2588,36.206,1.5081,0.00018702,0.2598,0.10091,3,-0.043177
8.04,7.0526,36.206,1.5085,-0.00085057,0.25879,0.10052,3,-0.03925
8.05,7.4865,36.206,1.5091,-0.0017985,0.25792,0.10018,3,-0.03382
8.06,6.7906,36.206,1.5099,-0.0027077,0.25714,0.099879,3,-0.030499
8.07,7.6421,36.206,1.5107,-0.0035383,0.25647,0.099621,3,-0.025805
8.08,7.3454,36.206,1.5118,-0.0043386,0.25588,0.09939,3,-0.023092
8.09,7.3852,36.206,1.513,-0.0050663,0.25539,0.099201,3,-0.018888
8.1,7.2621,36.415,1.5142,-0.0057082,0.25502,0.099058,3,-0.014358
8.11,7.4722,36.415,1.5156,-0.0062188,0.25481,0.098974,3,-0.0083315
8.12,6.7085,36.415,1.517,-0.0066911,0.25465,0.098914,3,-0.0060397
8.13,7.3452,36.415,1.5185,-0.0070997,0.25458,0.098885,3,-0.0028855
8.14,7.3105,36.415,1.5201,-0.0074369,0.25459,0.098889,3,0.00041693
8.15,7.0483,36.415,1.5217,-0.007763,0.25462,0.098903,3,0.0013356
8.16,7.1569,36.415,1.5233,-0.0080391,0.25472,0.098939,3,0.003667
8.17,6.8387,36.415,1.5251,-0.008313,0.25483,0.09898,3,0.0041251
8.18,7.3068,36.415,1.5268,-0.0085414,0.25498,0.099042,3,0.006186
8.19,6.9273,36.415,1.5286,-0.0087104,0.25521,0.099129,3,0.008678
8.2,6.9765,36.618,1.5304,-0.0088778,0.25544,0.099218,3,0.0088978
8.21,6.6647,36.618,1.5321,-0.0088258,0.25588,0.09939,3,0.017218
8.22,7.0052,36.618,1.5338,-0.0086647,0.25642,0.0996,3,0.021007
8.23,6.5515,36.618,1.5355,-0.0085008,0.25695,0.099807,3,0.020629
8.24,6.9121,36.618,1.5371,-0.0083119,0.2575,0.10002,3,0.021088
8.25,7.3932,36.618,1.5387,-0.0080901,0.25806,0.10024,3,0.0218
8.26,7.191,36.618,1.5402,-0.0078946,0.25858,0.10044,3,0.020264
8.27,7.1588,36.618,1.5417,-0.0076852,0.2591,0.10064,3,0.020281
8.28,6.9301,36.618,1.5432,-0.0075083,0.25958,0.10083,3,0.018561
8.29,7.4077,36.618,1.5446,-0.0073193,0.26006,0.10101,3,0.018575
8.3,7.1146,36.815,1.546,-0.007163,0.26049,0.10118,3,0.016912
8.31,7.1805,36.815,1.5479,-0.0081359,0.25984,0.10093,3,-0.025463
8.32,6.7518,36.815,1.5501,-0.0094355,0.25892,0.10057,3,-0.035725
8.33,7.0529,36.815,1.5525,-0.010749,0.25805,0.10023,3,-0.033726
8.34,7.2469,36.815,1.5552,-0.011967,0.25734,0.099955,3,-0.027688
8.35,6.7267,36.815,1.5581,-0.01312,0.25674,0.099726,3,-0.022952
8.36,6.572,36.815,1.5611,-0.01416,0.25631,0.099559,3,-0.016684
8.37,7.1509,36.815,1.5644,-0.015077,0.25605,0.099457,3,-0.010221
8.38,6.9626,36.815,1.5677,-0.015931,0.25589,0.099394,3,-0.006291
8.39,6.8805,36.815,1.5712,-0.016686,0.25586,0.099382,3,-0.001143
8.4,6.1956,37.007,1.5749,-0.01739,0.25591,0.099402,3,0.0019319
8.41,6.4761,37.007,1.5778,-0.016001,0.25799,0.10021,3,0.080945
8.42,6.8847,37.007,1.5801,-0.013887,0.26069,0.10126,3,0.10483
8.43,6.4348,37.007,1.5819,-0.011591,0.26345,0.10233,3,0.10714
8.44,6.667,37.007,1.5833,-0.0093696,0.26602,0.10333,3,0.099623
8.45,6.6065,37.007,1.5843,-0.0072456,0.26837,0.10424,3,0.091494
8.46,6.8307,37.007,1.585,-0.0052802,0.27047,0.10506,3,0.08136
8.47,6.186,37.007,1.5853,-0.0034286,0.27235,0.10579,3,0.073276
8.48,6.8925,37.007,1.5853,-0.0016714,0.27406,0.10645,3,0.066209
8.49,6.6913,37.007,1.585,-6.0013e-05,0.27554,0.10703,3,0.057467
8.5,6.3601,37.191,1.5844,0.0014511,0.27684,0.10753,3,0.050762
8.51,6.3908,37.191,1.5838,0.0021289,0.27728,0.1077,3,0.017034
8.52,6.0192,37.191,1.5833,0.0024998,0.2774,0.10775,3,0.0045827
8.53,6.3007,37.191,1.5827,0.0027712,0.27741,0.10775,3,0.00047009
8.54,6.1481,37.191,1.5822,0.0029577,0.27734,0.10772,3,-0.0029062
8.55,6.4871,37.191,1.5815,0.0031249,0.27724,0.10769,3,-0.0036818
8.56,6.1902,37.191,1.5809,0.0032354,0.27709,0.10763,3,-0.0058207
8.57,6.7441,37.191,1.5803,0.0033372,0.27694,0.10757,3,-0.0060676
8.58,6.4193,37.191,1.5796,0.0034479,0.27679,0.10751,3,-0.0056595
8.59,6.375,37.191,1.5789,0.0035125,0.2766,0.10744,3,-0.0073191
8.6,5.8354,37.369,1.5782,0.0035736,0.27641,0.10737,3,-0.0073193
8.61,6.5085,37.369,1.5774,0.0039282,0.27651,0.1074,3,0.0037283
8.62,6.4598,37.369,1.5764,0.0043273,0.27664,0.10745,3,0.0049119
8.63,6.0805,37.369,1.5754,0.0047368,0.27676,0.1075,3,0.0047407
8.64,6.2113,37.369,1.5743,0.0051453,0.27686,0.10754,3,0.0041261
8.65,6.7997,37.369,1.5732,0.0054893,0.27689,0.10755,3,0.0011486
8.66,6.066,37.369,1.572,0.0058091,0.27689,0.10755,3,-0.00019225
8.67,5.9498,37.369,1.5707,0.0060608,0.27681,0.10752,3,-0.0031268
8.68,5.9675,37.369,1.5694,0.0062914,0.2767,0.10748,3,-0.0041761
8.69,6.6297,37.369,1.5681,0.0065187,0.27658,0.10743,3,-0.0045221
8.7,5.9106,37.541,1.5667,0.0066886,0.27641,0.10736,3,-0.0068813
8.71,5.9297,37.541,1.5657,0.0060094,0.27541,0.10698,3,-0.038576
8.72,5.9819,37.541,1.5649,0.0050728,0.27422,0.10651,3,-0.046572
8.73,5.9729,37.541,1.5643,0.0040503,0.27299,0.10603,3,-0.047714
8.74,5.2468,37.541,1.564,0.0030645,0.27185,0.10559,3,-0.044155
8.75,5.3718,37.541,1.5637,0.002156,0.27084,0.1052,3,-0.039204
8.76,5.7492,37.541,1.5637,0.0012748,0.26991,0.10484,3,-0.036312
8.77,5.9472,37.541,1.5638,0.00046189,0.26908,0.10452,3,-0.031975
8.78,5.7321,37.541,1.564,-0.00032972,0.26832,0.10422,3,-0.029558
8.79,5.5929,37.541,1.5644,-0.0010568,0.26766,0.10397,3,-0.025602
8.8,5.0874,37.705,1.5648,-0.0017053,0.26712,0.10375,3,-0.021278
8.81,5.6676,37.705,1.565,-0.0012581,0.26765,0.10396,3,0.020702
8.82,6.3707,37.705,1.5649,-0.00047704,0.26848,0.10428,3,0.032136
8.83,5.6124,37.705,1.5646,0.00040077,0.26935,0.10462,3,0.034101
8.84,5.1644,37.705,1.5642,0.00123,0.27014,0.10493,3,0.030498
8.85,5.5626,37.705,1.5636,0.0020242,0.27085,0.1052,3,0.027528
8.86,5.5379,37.705,1.5629,0.0027917,0.27149,0.10545,3,0.024962
8.87,5.7042,37.705,1.562,0.0034761,0.27201,0.10566,3,0.020385
8.88,5.9866,37.705,1.5611,0.0041206,0.27247,0.10583,3,0.017598
8.89,5.6405,37.705,1.56,0.0046819,0.27281,0.10597,3,0.0133
8.9,5.4938,37.863,1.5589,0.0052072,0.27309,0.10608,3,0.010944
8.91,5.2808,37.863,1.5582,0.004312,0.27199,0.10565,3,-0.042829
8.92,5.1798,37.863,1.5579,0.0029693,0.27051,0.10507,3,-0.057556
8.93,5.0894,37.863,1.5579,0.0015607,0.26903,0.1045,3,-0.05723
8.94,5.8066,37.863,1.5581,0.00028084,0.26776,0.104,3,-0.049583
8.95,5.6385,37.863,1.5585,-0.00087061,0.26667,0.10358,3,-0.042256
8.96,5.111,37.863,1.5591,-0.0019019,0.26575,0.10323,3,-0.035536
8.97,4.9448,37.863,1.5599,-0.0028213,0.265,0.10293,3,-0.029395
8.98,5.8725,37.863,1.5608,-0.0036356,0.26439,0.10269,3,-0.023764
8.99,4.9109,37.863,1.5618,-0.0044108,0.26385,0.10249,3,-0.020823
9,4.9916,38.014,1.563,-0.0051108,0.26342,0.10232,3,-0.016634
9.01,4.9742,38.014,1.5643,-0.0057358,0.2631,0.10219,3,-0.012625
9.02,5.2854,38.014,1.5656,-0.0062769,0.26288,0.10211,3,-0.0084462
9.03,5.3617,38.014,1.5671,-0.006794,0.26271,0.10204,3,-0.0066758
9.04,5.2674,38.014,1.5686,-0.0072488,0.26262,0.10201,3,-0.0035338
9.05,4.7566,38.014,1.5702,-0.0076292,0.26261,0.10201,3,-7.3844e-05
9.06,5.3052,38.014,1.5719,-0.0079941,0.26264,0.10202,3,0.0010433
9.07,4.8077,38.014,1.5736,-0.0083046,0.26273,0.10205,3,0.0035722
9.08,5.0418,38.014,1.5754,-0.0086087,0.26284,0.10209,3,0.0042119
9.09,5.5316,38.014,1.5772,-0.0088632,0.26301,0.10216,3,0.0064382
9.1,4.9956,38.158,1.579,-0.0091147,0.26318,0.10223,3,0.0068428
9.11,4.4691,38.158,1.5812,-0.0099477,0.26281,0.10208,3,-0.014503
9.12,4.9752,38.158,1.5836,-0.010915,0.26235,0.1019,3,-0.01806
9.13,5.0185,38.158,1.5862,-0.011845,0.26196,0.10175,3,-0.014958
9.14,4.5156,38.158,1.5889,-0.01268,0.26171,0.10165,3,-0.0097914
9.15,4.7667,38.158,1.5917,-0.013464,0.26154,0.10159,3,-0.0065248
9.16,5.0952,38.158,1.5947,-0.014157,0.26149,0.10157,3,-0.0018388
9.17,5.1771,38.158,1.5978,-0.014807,0.26151,0.10158,3,0.00083898
9.18,4.7237,38.158,1.601,-0.015373,0.26164,0.10163,3,0.0049597
9.19,5.0916,38.158,1.6043,-0.015903,0.26183,0.1017,3,0.0071165
9.2,5.0127,38.295,1.6076,-0.016355,0.2621,0.10181,3,0.010753
9.21,3.7592,38.295,1.6115,-0.017726,0.26152,0.10158,3,-0.022797
9.22,4.2356,38.295,1.6157,-0.019318,0.26078,0.10129,3,-0.028647
9.23,4.4821,38.295,1.6202,-0.020865,0.26016,0.10105,3,-0.024068
9.24,4.1362,38.295,1.6249,-0.022213,0.2598,0.10091,3,-0.013981
9.25,4.138,38.295,1.6298,-0.023379,0.25967,0.10086,3,-0.0049604
9.26,4.2067,38.295,1.6349,-0.024381,0.25975,0.10089,3,0.0030925
9.27,4.5855,38.295,1.6402,-0.025229,0.26002,0.101,3,0.010335
9.28,4.3368,38.295,1.6455,-0.025935,0.26045,0.10117,3,0.016882
9.29,4.346,38.295,1.6509,-0.026567,0.26098,0.10137,3,0.020566
9.3,4.2561,38.426,1.6565,-0.027093,0.26163,0.10162,3,0.025342
9.31,5.0474,38.426,1.6616,-0.026293,0.26357,0.10238,3,0.075228
9.32,4.6783,38.426,1.6663,-0.025063,0.26586,0.10327,3,0.089147
9.33,4.2141,38.426,1.6708,-0.023696,0.26822,0.10418,3,0.091405
9.34,4.5179,38.426,1.675,-0.022358,0.27046,0.10505,3,0.087248
9.35,4.6319,38.426,1.6789,-0.021044,0.27261,0.10589,3,0.083399
9.36,4.3834,38.426,1.6826,-0.01975,0.27467,0.10669,3,0.079819
9.37,3.9121,38.426,1.6861,-0.018534,0.27658,0.10743,3,0.074153
9.38,5.0381,38.426,1.6893,-0.017355,0.27838,0.10813,3,0.07023
9.39,4.1144,38.426,1.6924,-0.016258,0.28005,0.10878,3,0.064755
9.4,4.0894,38.548,1.6952,-0.015198,0.28163,0.10939,3,0.061193
9.41,4.1424,38.548,1.6978,-0.014061,0.28322,0.11001,3,0.06193
9.42,4.15,38.548,1.7002,-0.012909,0.28477,0.11061,3,0.060268
9.43,3.7362,38.548,1.7024,-0.011827,0.2862,0.11117,3,0.055429
9.44,4.0874,38.548,1.7044,-0.010785,0.28754,0.11169,3,0.051934
9.45,4.1455,38.548,1.7062,-0.0097691,0.2888,0.11218,3,0.049007
9.46,3.7307,38.548,1.7078,-0.0088359,0.28993,0.11262,3,0.044076
9.47,3.9925,38.548,1.7092,-0.0079429,0.29099,0.11303,3,0.040916
9.48,4.1388,38.548,1.7105,-0.0071342,0.29192,0.11339,3,0.036222
9.49,3.8352,38.548,1.7117,-0.0063626,0.29278,0.11372,3,0.033458
9.5,3.4349,38.663,1.7127,-0.0056709,0.29353,0.11401,3,0.029204
9.51,3.6261,38.663,1.7134,-0.0043727,0.29484,0.11452,3,0.050646
9.52,3.8468,38.663,1.7137,-0.0028907,0.29626,0.11507,3,0.055163
9.53,3.3244,38.663,1.7137,-0.0014524,0.29757,0.11558,3,0.05088
9.54,3.4211,38.663,1.7135,-7.6292e-05,0.29875,0.11604,3,0.046029
9.55,3.3757,38.663,1.7131,0.001175,0.29975,0.11643,3,0.039005
9.56,4.1141,38.663,1.7124,0.0023445,0.30063,0.11677,3,0.03386
9.57,3.8466,38.663,1.7115,0.0033908,0.30133,0.11704,3,0.027355
9.58,3.9785,38.663,1.7105,0.0043632,0.30192,0.11727,3,0.022951
9.59,4.1158,38.663,1.7093,0.0052817,0.30242,0.11747,3,0.019451
9.6,3.0586,38.768,1.708,0.0060943,0.30279,0.11761,3,0.014128
9.61,3.2995,38.768,1.7065,0.0069048,0.30312,0.11774,3,0.012892
9.62,3.7351,38.768,1.7049,0.0076308,0.30334,0.11782,3,0.0085956
9.63,3.32,38.768,1.7031,0.0083051,0.30349,0.11788,3,0.0056893
9.64,4.1955,38.768,1.7013,0.0088813,0.30352,0.11789,3,0.0011622
9.65,3.2171,38.768,1.6993,0.0094066,0.30348,0.11788,3,-0.0014142
9.66,2.6335,38.768,1.6973,0.0099,0.3034,0.11785,3,-0.0031884
9.67,3.2652,38.768,1.6952,0.010309,0.30322,0.11778,3,-0.0068687
9.68,4.2913,38.768,1.693,0.010677,0.303,0.11769,3,-0.0087316
9.69,3.9178,38.768,1.6908,0.010963,0.30268,0.11757,3,-0.012099
9.7,2.9869,38.865,1.6885,0.011215,0.30234,0.11743,3,-0.013518
9.71,3.8839,38.865,1.6864,0.011038,0.30157,0.11714,3,-0.029569
9.72,3.3267,38.865,1.6843,0.010723,0.3007,0.1168,3,-0.033907
9.73,3.3527,38.865,1.6824,0.010386,0.29983,0.11646,3,-0.033736
9.74,3.2194,38.865,1.6805,0.010007,0.29895,0.11612,3,-0.034277
9.75,3.5733,38.865,1.6786,0.0096405,0.29811,0.11579,3,-0.032753
9.76,3.0799,38.865,1.6769,0.0092447,0.29726,0.11546,3,-0.032813
9.77,2.8872,38.865,1.6752,0.0088666,0.29646,0.11515,3,-0.0311
9.78,3.1154,38.865,1.6736,0.008463,0.29566,0.11484,3,-0.03106
9.79,2.8996,38.865,1.6721,0.0080801,0.29491,0.11455,3,-0.029276
9.8,2.9247,38.953,1.6706,0.0077343,0.29422,0.11428,3,-0.026942
9.81,3.0945,38.953,1.6694,0.0068671,0.29304,0.11383,3,-0.045484
9.82,2.6742,38.953,1.6685,0.0058668,0.29179,0.11334,3,-0.048558
9.83,2.226,38.953,1.6677,0.0048847,0.29062,0.11288,3,-0.045779
9.84,3.8989,38.953,1.6671,0.0039728,0.28956,0.11247,3,-0.041133
9.85,2.6539,38.953,1.6667,0.0031458,0.28863,0.11211,3,-0.036122
9.86,2.6405,38.953,1.6664,0.0023449,0.28776,0.11177,3,-0.033502
9.87,2.3336,38.953,1.6662,0.0016087,0.287,0.11148,3,-0.029521
9.88,3.3438,38.953,1.6662,0.00088949,0.2863,0.1112,3,-0.02747
9.89,2.1106,38.953,1.6662,0.00023059,0.28568,0.11097,3,-0.023866
9.9,2.8874,39.033,1.6664,-0.00035392,0.28517,0.11077,3,-0.019878
9.91,2.6998,39.033,1.667,-0.0015284,0.28412,0.11036,3,-0.040767
9.92,3.0174,39.033,1.6678,-0.0028353,0.283,0.10992,3,-0.043471
9.93,2.5271,39.033,1.6689,-0.0040377,0.28205,0.10955,3,-0.037132
9.94,2.8376,39.033,1.6701,-0.0051168,0.28126,0.10925,3,-0.030334
9.95,2.6833,39.033,1.6715,-0.0060731,0.28065,0.10901,3,-0.023834
9.96,2.6632,39.033,1.673,-0.0069122,0.28019,0.10883,3,-0.017815
9.97,2.4552,39.033,1.6747,-0.0076408,0.27988,0.10871,3,-0.012291
9.98,2.5697,39.033,1.6765,-0.0083251,0.27963,0.10862,3,-0.0094749
