0,0.23181,20,0.0029358,0,-5.48e-08,-8.1634e-08,3.0003
0.01,0.26181,20,0.0029358,0.00052128,-8.5443e-05,-6.7501e-05,3.0001
0.02,0.29181,20,0.0029341,0.0021278,-0.00057022,-0.00034759,3.0001
0.03,0.32181,20,0.0029251,0.0038642,-0.001756,-0.00086545,3
0.04,0.35181,20,0.0029029,0.0055492,-0.0036697,-0.0016138,3
0.05,0.38181,20,0.0028613,0.006788,-0.0062525,-0.0025368,3
0.06,0.41181,20,0.002796,0.0078114,-0.0093961,-0.0036072,3
0.07,0.44181,20,0.0027031,0.0083765,-0.013023,-0.0047701,3
0.08,0.47181,20.001,0.0025803,0.008597,-0.017011,-0.0059835,3
0.09,0.50181,20.001,0.0024263,0.0087018,-0.021303,-0.0072369,3
0.1,0.70444,20.001,0.0019399,0.0084368,-0.025858,-0.0084889,3.0003
0.11,0.73444,20.001,0.0017213,0.0084246,-0.03066,-0.0097759,3.0001
0.12,0.76445,20,0.0014697,0.0078128,-0.03572,-0.01103,3
0.13,0.79445,20,0.0011857,0.0070384,-0.040887,-0.012233,3
0.14,0.82445,20,0.00087075,0.0059302,-0.046104,-0.013347,3
0.15,0.85445,20,0.00052714,0.0046208,-0.051285,-0.014352,3
0.16,0.88445,20,0.00015764,0.003339,-0.056412,-0.015258,3
0.17,0.91445,20,-0.00023518,0.0018234,-0.061479,-0.016043,3
0.18,0.94445,20,-0.0006482,0.0003371,-0.066446,-0.016714,3
0.19,0.97445,19.999,-0.0010785,-0.0013661,-0.071304,-0.017252,3
0.2,0.23619,19.999,-0.0021189,-0.0031853,-0.075993,-0.017646,2.9987
0.21,0.26618,19.999,-0.0025732,-0.0049731,-0.080499,-0.017905,2.9995
0.22,0.29617,19.999,-0.0030341,-0.0068814,-0.084823,-0.01802,2.9998
0.23,0.32617,19.998,-0.0034981,-0.0088504,-0.08893,-0.017989,2.9999
0.24,0.35617,19.998,-0.0039612,-0.010851,-0.092804,-0.017811,3
0.25,0.38617,19.998,-0.0044198,-0.012868,-0.09644,-0.017491,3
0.26,0.41616,19.997,-0.0048701,-0.014892,-0.099832,-0.01703,3
0.27,0.44616,19.997,-0.0053085,-0.016915,-0.10298,-0.016435,3
0.28,0.47616,19.997,-0.0057316,-0.018931,-0.10588,-0.015709,3
0.29,0.50616,19.996,-0.006136,-0.020936,-0.10854,-0.014857,3
0.3,0.39864,19.996,-0.0069204,-0.022923,-0.11096,-0.013886,2.9998
0.31,0.42864,19.996,-0.0072779,-0.024895,-0.11313,-0.0128,2.9999
0.32,0.45864,19.995,-0.0076074,-0.026838,-0.11507,-0.011606,3
0.33,0.48863,19.995,-0.0079062,-0.028751,-0.11677,-0.010309,3
0.34,0.51863,19.995,-0.0081716,-0.030632,-0.11825,-0.0089168,3
0.35,0.54863,19.994,-0.0084012,-0.03248,-0.11951,-0.0074349,3
0.36,0.57863,19.994,-0.0085926,-0.034291,-0.12056,-0.0058696,3
0.37,0.60863,19.994,-0.0087437,-0.036065,-0.1214,-0.0042272,3
0.38,0.63863,19.993,-0.0088525,-0.0378,-0.12204,-0.0025137,3
0.39,0.66862,19.993,-0.0089172,-0.039494,-0.12249,-0.00073527,3
0.4,0.84182,19.994,-0.0070571,-0.041147,-0.12276,0.0011024,3.0002
0.41,0.87182,19.993,-0.0070288,-0.042951,-0.12282,0.003018,3.0001
0.42,0.90182,19.993,-0.0069511,-0.044568,-0.12265,0.0049894,3
0.43,0.93182,19.993,-0.0068226,-0.046084,-0.12232,0.0070017,3
0.44,0.96183,19.993,-0.0066424,-0.047537,-0.12183,0.0090472,3
0.45,0.99183,19.993,-0.0064094,-0.048941,-0.12122,0.01112,3
0.46,1.0218,19.993,-0.0061231,-0.050133,-0.1205,0.013194,3
0.47,1.0518,19.993,-0.0057835,-0.051408,-0.11971,0.015279,3
0.48,1.0818,19.993,-0.0053901,-0.052689,-0.11881,0.017379,3
0.49,1.1118,19.993,-0.0049427,-0.053779,-0.11784,0.019469,3
0.5,0.3501,19.993,-0.0079926,-0.054959,-0.11681,0.021561,2.9986
0.51,0.38008,19.993,-0.0074375,-0.055996,-0.11572,0.023641,2.9995
0.52,0.41008,19.993,-0.0068288,-0.057124,-0.11458,0.025719,2.9998
0.53,0.44008,19.993,-0.0061667,-0.058261,-0.11336,0.027798,2.9999
0.54,0.47008,19.993,-0.005451,-0.059375,-0.11206,0.029879,3
0.55,0.50008,19.994,-0.0046818,-0.060455,-0.11067,0.031958,3
0.56,0.53008,19.994,-0.003859,-0.061498,-0.10922,0.034032,3
0.57,0.56008,19.994,-0.0029829,-0.062502,-0.10769,0.036097,3
0.58,0.59008,19.995,-0.0020536,-0.06347,-0.1061,0.038152,3
0.59,0.62009,19.995,-0.0010713,-0.0644,-0.10446,0.040192,3
0.6,1.8922,19.997,0.0022679,-0.065296,-0.10277,0.042216,3.0021
0.61,1.9223,19.997,0.0033548,-0.064528,-0.1013,0.04401,3.0008
0.62,1.9523,19.998,0.0044878,-0.064779,-0.10032,0.045695,3.0003
0.63,1.9823,19.999,0.0056642,-0.065599,-0.09944,0.047359,3.0001
0.64,2.0123,19.999,0.0068835,-0.066434,-0.098535,0.049006,3
0.65,2.0423,20,0.0081451,-0.06743,-0.097593,0.050657,3
0.66,2.0723,20.001,0.0094493,-0.068457,-0.096572,0.052318,3
0.67,2.1022,20.002,0.010796,-0.0693,-0.095495,0.053966,3
0.68,2.1322,20.003,0.012186,-0.070236,-0.094391,0.055614,3
0.69,2.1622,20.004,0.013617,-0.071018,-0.093253,0.057243,3
0.7,1.8372,20.006,0.020503,-0.071905,-0.092098,0.058869,2.9994
0.71,1.8672,20.008,0.022018,-0.073009,-0.090857,0.06052,2.9998
0.72,1.8972,20.009,0.023576,-0.073947,-0.089495,0.06218,2.9999
0.73,1.9271,20.011,0.025177,-0.074798,-0.088063,0.063837,3
0.74,1.9571,20.012,0.026821,-0.075595,-0.086584,0.065485,3
0.75,1.9871,20.014,0.028507,-0.076353,-0.085065,0.067122,3
0.76,2.017,20.015,0.030235,-0.077243,-0.083484,0.068767,3
0.77,2.047,20.017,0.032005,-0.077978,-0.081824,0.070402,3
0.78,2.077,20.019,0.033817,-0.078635,-0.080129,0.072019,3
0.79,2.1069,20.021,0.035672,-0.079247,-0.078417,0.073613,3
0.8,2.7672,20.021,0.01486,-0.079826,-0.076694,0.07518,3.0011
0.81,2.7972,20.023,0.016795,-0.078206,-0.075318,0.076445,3.0004
0.82,2.8272,20.024,0.018763,-0.078188,-0.074594,0.077592,3.0002
0.83,2.8571,20.026,0.020761,-0.078779,-0.073983,0.078722,3.0001
0.84,2.8871,20.027,0.022787,-0.0794,-0.073356,0.079841,3
0.85,2.9171,20.029,0.024843,-0.08019,-0.072702,0.080969,3
0.86,2.947,20.031,0.026928,-0.081017,-0.07198,0.082113,3
0.87,2.977,20.033,0.029042,-0.081665,-0.071212,0.08325,3
0.88,3.007,20.035,0.031185,-0.082412,-0.070426,0.084392,3
0.89,3.0369,20.037,0.033357,-0.083009,-0.069615,0.085523,3
0.9,2.4675,20.044,0.059182,-0.083718,-0.068793,0.086659,2.999
0.91,2.4974,20.047,0.061413,-0.085163,-0.067809,0.087891,2.9996
0.92,2.5273,20.05,0.063676,-0.086062,-0.066553,0.089162,2.9999
0.93,2.5571,20.053,0.065971,-0.086728,-0.065205,0.090434,2.9999
0.94,2.587,20.056,0.068299,-0.087293,-0.063822,0.091697,3
0.95,2.6168,20.059,0.07066,-0.087809,-0.062422,0.092945,3
0.96,2.6467,20.063,0.073053,-0.088293,-0.061009,0.094177,3
0.97,2.6765,20.066,0.075478,-0.088752,-0.059586,0.095391,3
0.98,2.7063,20.069,0.077934,-0.089188,-0.058155,0.096586,3
0.99,2.7362,20.073,0.08042,-0.089603,-0.056718,0.097762,3
1,4.255,20.071,-0.034901,-0.089997,-0.055285,0.098905,3.0025
1.01,4.2851,20.071,-0.032355,-0.084702,-0.054767,0.099314,3.001
1.02,4.3151,20.071,-0.029798,-0.083634,-0.055968,0.099458,3.0004
1.03,4.3451,20.072,-0.027237,-0.0842,-0.057474,0.099608,3.0001
1.04,4.3752,20.072,-0.024673,-0.085158,-0.058896,0.099815,3.0001
1.05,4.4052,20.073,-0.022103,-0.086393,-0.060163,0.10011,3
1.06,4.4352,20.073,-0.019526,-0.087685,-0.06123,0.1005,3
1.07,4.4652,20.074,-0.016939,-0.088791,-0.062128,0.10095,3
1.08,4.4952,20.075,-0.01434,-0.08998,-0.062893,0.10148,3
1.09,4.5253,20.076,-0.011727,-0.09117,-0.063498,0.10208,3
1.1,3.6968,20.102,0.0050566,-0.092162,-0.063967,0.10274,2.9985
1.11,3.7268,20.103,0.0077015,-0.093949,-0.064216,0.10354,2.9994
1.12,3.7568,20.105,0.010367,-0.095207,-0.064113,0.10443,2.9998
1.13,3.7868,20.107,0.013056,-0.096229,-0.063831,0.10537,2.9999
1.14,3.8167,20.108,0.015768,-0.09714,-0.06343,0.10635,3
1.15,3.8467,20.11,0.018506,-0.097987,-0.062929,0.10736,3
1.16,3.8767,20.112,0.02127,-0.098787,-0.062338,0.10839,3
1.17,3.9066,20.114,0.024061,-0.099549,-0.061663,0.10944,3
1.18,3.9366,20.116,0.026878,-0.10027,-0.060909,0.11051,3
1.19,3.9666,20.118,0.029724,-0.10096,-0.060084,0.1116,3
1.2,4.3524,20.149,0.048963,-0.10162,-0.059191,0.11269,3.0006
1.21,4.3823,20.152,0.051865,-0.10264,-0.058174,0.11384,3.0002
1.22,4.4121,20.155,0.054795,-0.10333,-0.056979,0.115,3.0001
1.23,4.442,20.158,0.057756,-0.10387,-0.055713,0.11617,3
1.24,4.4719,20.161,0.060747,-0.10434,-0.054411,0.11733,3
1.25,4.5017,20.164,0.063767,-0.10477,-0.053085,0.11847,3
1.26,4.5316,20.168,0.066817,-0.105,-0.051767,0.11958,3
1.27,4.5614,20.171,0.069896,-0.10533,-0.050484,0.12066,3
1.28,4.5912,20.175,0.073002,-0.10569,-0.049198,0.12172,3
1.29,4.621,20.179,0.076136,-0.10587,-0.047927,0.12275,3
1.3,4.1022,20.211,0.14506,-0.10616,-0.046688,0.12376,2.9991
1.31,4.1317,20.217,0.14824,-0.10806,-0.045199,0.12494,2.9996
1.32,4.1611,20.223,0.15146,-0.10877,-0.043222,0.12618,2.9999
1.33,4.1905,20.229,0.15471,-0.10901,-0.04115,0.12739,2.9999
1.34,4.2199,20.235,0.15799,-0.10907,-0.039103,0.12855,3
1.35,4.2493,20.241,0.1613,-0.10906,-0.03711,0.12967,3
1.36,4.2786,20.248,0.16464,-0.10903,-0.035175,0.13073,3
1.37,4.3079,20.254,0.168,-0.10898,-0.033297,0.13174,3
1.38,4.3372,20.261,0.17139,-0.10893,-0.031473,0.13271,3
1.39,4.3665,20.268,0.17481,-0.10887,-0.029703,0.13363,3
1.4,4.695,20.283,0.13746,-0.10881,-0.027988,0.13449,3.0005
1.41,4.7245,20.289,0.14092,-0.10753,-0.026517,0.13517,3.0002
1.42,4.7539,20.295,0.1444,-0.10715,-0.025463,0.13574,3.0001
1.43,4.7834,20.301,0.1479,-0.10712,-0.024523,0.13628,3
1.44,4.8128,20.307,0.15141,-0.10704,-0.023636,0.13679,3
1.45,4.8422,20.314,0.15493,-0.10711,-0.022803,0.13727,3
1.46,4.8715,20.32,0.15846,-0.10724,-0.02198,0.13773,3
1.47,4.9009,20.326,0.16201,-0.1072,-0.021185,0.13817,3
1.48,4.9302,20.333,0.16556,-0.10729,-0.02044,0.13859,3
1.49,4.9595,20.34,0.16913,-0.10742,-0.019704,0.139,3
1.5,5.8708,20.356,0.041891,-0.10738,-0.019003,0.13936,3.0015
1.51,5.9007,20.359,0.045479,-0.1026,-0.019134,0.13911,3.0006
1.52,5.9306,20.362,0.049061,-0.10133,-0.020776,0.13862,3.0002
1.53,5.9605,20.365,0.052629,-0.10162,-0.022724,0.13814,3.0001
1.54,5.9904,20.369,0.056186,-0.10245,-0.024575,0.13774,3
1.55,6.0202,20.372,0.059732,-0.10326,-0.026261,0.13742,3
1.56,6.0501,20.376,0.06327,-0.10422,-0.027799,0.1372,3
1.57,6.0799,20.379,0.066802,-0.10519,-0.029162,0.13706,3
1.58,6.1097,20.383,0.070331,-0.10598,-0.030379,0.13699,3
1.59,6.1395,20.387,0.073858,-0.10686,-0.031481,0.137,3
1.6,4.5975,20.443,0.23493,-0.10775,-0.032425,0.1371,2.9973
1.61,4.6262,20.451,0.23846,-0.1129,-0.032536,0.13779,2.999
1.62,4.6549,20.46,0.24201,-0.11481,-0.031201,0.13874,2.9996
1.63,4.6836,20.469,0.24558,-0.11543,-0.0295,0.13973,2.9999
1.64,4.7123,20.478,0.24918,-0.11558,-0.027758,0.1407,2.9999
1.65,4.7409,20.487,0.2528,-0.11557,-0.026054,0.14163,3
1.66,4.7695,20.496,0.25645,-0.1155,-0.024401,0.14252,3
1.67,4.7981,20.506,0.26012,-0.11541,-0.022794,0.14337,3
1.68,4.8266,20.515,0.26381,-0.11531,-0.021228,0.14417,3
1.69,4.8551,20.525,0.26752,-0.1152,-0.019703,0.14493,3
1.7,5.086,20.551,0.23542,-0.11508,-0.018218,0.14565,3.0003
1.71,5.1148,20.559,0.23917,-0.11406,-0.016916,0.14622,3.0001
1.72,5.1435,20.568,0.24294,-0.1137,-0.015925,0.14671,3
1.73,5.1721,20.577,0.24672,-0.1136,-0.015022,0.14717,3
1.74,5.2008,20.587,0.2505,-0.11359,-0.014138,0.14761,3
1.75,5.2294,20.596,0.2543,-0.11359,-0.013259,0.14803,3
1.76,5.2579,20.605,0.25812,-0.1136,-0.012384,0.14844,3
1.77,5.2864,20.615,0.26194,-0.1136,-0.011515,0.14883,3
1.78,5.3149,20.624,0.26577,-0.11359,-0.010654,0.14921,3
1.79,5.3434,20.634,0.26961,-0.11357,-0.009802,0.14957,3
1.8,5.1008,20.668,0.3628,-0.11354,-0.0089541,0.14992,2.9996
1.81,5.1282,20.68,0.36665,-0.11567,-0.0077724,0.15052,2.9998
1.82,5.1555,20.693,0.37053,-0.11617,-0.0059437,0.15121,2.9999
1.83,5.1828,20.705,0.37442,-0.11603,-0.0040109,0.15186,3
1.84,5.21,20.718,0.37833,-0.11567,-0.002135,0.15246,3
1.85,5.2372,20.731,0.38226,-0.11523,-0.00035306,0.153,3
1.86,5.2643,20.744,0.3862,-0.11477,0.0013327,0.15348,3
1.87,5.2913,20.757,0.39015,-0.11432,0.0029276,0.15391,3
1.88,5.3183,20.77,0.39411,-0.11387,0.0044369,0.15428,3
1.89,5.3453,20.784,0.39808,-0.11343,0.0058651,0.15459,3
1.9,5.2647,20.8,0.44385,-0.113,0.0072186,0.15487,2.9998
1.91,5.291,20.815,0.44784,-0.11357,0.008656,0.15522,2.9999
1.92,5.3171,20.829,0.45183,-0.1134,0.010324,0.15557,3
1.93,5.3433,20.844,0.45584,-0.11295,0.011978,0.15587,3
1.94,5.3693,20.859,0.45985,-0.11241,0.013545,0.15612,3
1.95,5.3953,20.874,0.46387,-0.11184,0.015012,0.15631,3
1.96,5.4213,20.89,0.46789,-0.11127,0.01638,0.15645,3
1.97,5.4471,20.905,0.47192,-0.11072,0.017656,0.15653,3
1.98,5.4729,20.92,0.47595,-0.11017,0.018843,0.15657,3
1.99,5.4987,20.936,0.47998,-0.10964,0.019947,0.15656,3
2,6.4215,20.923,0.070297,-0.10913,0.020945,0.15647,3.0013
2.01,6.4513,20.927,0.074325,-0.097828,0.020147,0.15502,3.0005
2.02,6.4811,20.931,0.078316,-0.094623,0.016001,0.15305,3.0002
2.03,6.5109,20.935,0.082257,-0.094575,0.01121,0.15111,3.0001
2.04,6.5406,20.94,0.086147,-0.095472,0.0065487,0.14931,3
2.05,6.5703,20.944,0.089991,-0.096826,0.0021803,0.14769,3
2.06,6.6,20.949,0.093793,-0.098287,-0.0018408,0.14627,3
2.07,6.6297,20.953,0.097559,-0.099569,-0.0055538,0.14501,3
2.08,6.6594,20.958,0.10129,-0.10093,-0.0090037,0.14393,3
2.09,6.6891,20.963,0.105,-0.10229,-0.012168,0.14301,3
2.1,5.5275,21.045,0.29814,-0.10344,-0.015065,0.14225,2.998
2.11,5.5556,21.056,0.3018,-0.10971,-0.016939,0.14224,2.9992
2.12,5.5837,21.066,0.30546,-0.1122,-0.017033,0.14259,2.9997
2.13,5.6118,21.077,0.30913,-0.11319,-0.016608,0.14305,2.9999
2.14,5.6398,21.088,0.31282,-0.11362,-0.016047,0.14354,3
2.15,5.6678,21.099,0.31651,-0.11384,-0.015447,0.14404,3
2.16,5.6957,21.11,0.32022,-0.11399,-0.014823,0.14453,3
2.17,5.7236,21.121,0.32394,-0.11411,-0.014175,0.14503,3
2.18,5.7515,21.132,0.32768,-0.11421,-0.013501,0.14551,3
2.19,5.7793,21.144,0.33142,-0.11429,-0.012801,0.146,3
2.2,6.252,21.198,0.23689,-0.11435,-0.012085,0.14646,3.0007
2.21,6.2808,21.207,0.24066,-0.11196,-0.011735,0.14662,3.0003
2.22,6.3095,21.216,0.24443,-0.11138,-0.012109,0.14666,3.0001
2.23,6.3381,21.225,0.24821,-0.11149,-0.012598,0.1467,3
2.24,6.3667,21.234,0.25198,-0.112,-0.012999,0.1468,3
2.25,6.3953,21.243,0.25576,-0.11245,-0.013249,0.14693,3
2.26,6.4239,21.253,0.25955,-0.11284,-0.01339,0.14711,3
2.27,6.4524,21.262,0.26333,-0.11319,-0.013444,0.14731,3
2.28,6.4809,21.272,0.26713,-0.11352,-0.013422,0.14754,3
2.29,6.5093,21.282,0.27092,-0.11364,-0.013357,0.14776,3
2.3,6.9461,21.353,0.228,-0.11387,-0.013284,0.148,3.0007
2.31,6.9749,21.362,0.23181,-0.11204,-0.013497,0.14799,3.0003
2.32,7.0036,21.371,0.23562,-0.11176,-0.014288,0.14791,3.0001
2.33,7.0324,21.38,0.23943,-0.11208,-0.015134,0.14785,3
2.34,7.0611,21.389,0.24324,-0.11243,-0.015912,0.14782,3
2.35,7.0897,21.398,0.24704,-0.11294,-0.016615,0.14783,3
2.36,7.1184,21.407,0.25085,-0.11349,-0.017203,0.1479,3
2.37,7.147,21.416,0.25466,-0.11386,-0.017701,0.148,3
2.38,7.1755,21.425,0.25847,-0.11433,-0.018137,0.14813,3
2.39,7.204,21.435,0.26228,-0.11482,-0.018479,0.14831,3
2.4,6.7527,21.53,0.46081,-0.11514,-0.018735,0.14852,2.9992
2.41,6.7788,21.545,0.46464,-0.12029,-0.018192,0.14933,2.9997
2.42,6.8047,21.56,0.46848,-0.12191,-0.016127,0.1504,2.9999
2.43,6.8306,21.576,0.47235,-0.12214,-0.013722,0.15147,3
2.44,6.8565,21.591,0.47625,-0.12187,-0.011329,0.15248,3
2.45,6.8822,21.606,0.48018,-0.12159,-0.0090089,0.15344,3
2.46,6.9079,21.622,0.48413,-0.12114,-0.0067471,0.15433,3
2.47,6.9336,21.638,0.4881,-0.12063,-0.0045791,0.15515,3
2.48,6.9591,21.654,0.4921,-0.12011,-0.0025102,0.15589,3
2.49,6.9846,21.669,0.49611,-0.11959,-0.00053834,0.15657,3
2.5,6.862,21.731,0.60372,-0.1189,0.0013192,0.15716,2.9998
2.51,6.8855,21.749,0.60776,-0.12096,0.0034515,0.158,2.9999
2.52,6.909,21.768,0.61183,-0.12111,0.0062804,0.15889,3
2.53,6.9324,21.787,0.61592,-0.12036,0.0091397,0.1597,3
2.54,6.9557,21.806,0.62003,-0.11947,0.011818,0.1604,3
2.55,6.9789,21.825,0.62416,-0.11857,0.014315,0.16099,3
2.56,7.002,21.844,0.62831,-0.11751,0.016617,0.16146,3
2.57,7.0251,21.863,0.63246,-0.11659,0.01871,0.16184,3
2.58,7.0481,21.883,0.63663,-0.11574,0.020646,0.16213,3
2.59,7.071,21.902,0.6408,-0.11477,0.022418,0.16231,3
2.6,7.4527,21.928,0.44787,-0.11395,0.023998,0.1624,3.0005
2.61,7.4789,21.943,0.45205,-0.10788,0.0246,0.16177,3.0002
2.62,7.5049,21.958,0.45621,-0.10583,0.023475,0.16085,3.0001
2.63,7.531,21.973,0.46035,-0.10518,0.021933,0.15987,3
2.64,7.5569,21.988,0.46447,-0.10522,0.020349,0.15893,3
2.65,7.5828,22.004,0.46856,-0.10548,0.01886,0.15806,3
2.66,7.6087,22.019,0.47263,-0.10564,0.017461,0.15723,3
2.67,7.6345,22.034,0.47668,-0.10592,0.016122,0.15645,3
2.68,7.6602,22.05,0.4807,-0.10624,0.014875,0.15574,3
2.69,7.6859,22.066,0.48471,-0.10639,0.013699,0.15507,3
2.7,7.7564,22.122,0.50328,-0.10666,0.01257,0.15445,3.0001
2.71,7.7817,22.139,0.50726,-0.10711,0.011546,0.15391,3
2.72,7.807,22.155,0.51122,-0.10729,0.010635,0.1534,3
2.73,7.8322,22.171,0.51517,-0.10752,0.0097714,0.15294,3
2.74,7.8573,22.188,0.51911,-0.10778,0.0089829,0.15253,3
2.75,7.8824,22.204,0.52303,-0.10786,0.0082476,0.15214,3
2.76,7.9074,22.221,0.52695,-0.10806,0.007541,0.15178,3
2.77,7.9324,22.238,0.53086,-0.10829,0.0069017,0.15146,3
2.78,7.9573,22.255,0.53476,-0.10835,0.0063109,0.15116,3
2.79,7.9821,22.272,0.53865,-0.10852,0.0057444,0.15089,3
2.8,7.9862,22.333,0.58834,-0.10873,0.0052435,0.15066,3
2.81,8.0101,22.351,0.59222,-0.10984,0.0049563,0.15057,3
2.82,8.0339,22.37,0.5961,-0.11026,0.0050136,0.15056,3
2.83,8.0576,22.388,0.59997,-0.11023,0.0051582,0.15055,3
2.84,8.0813,22.407,0.60385,-0.11022,0.0052962,0.15054,3
2.85,8.1049,22.425,0.60772,-0.11021,0.00545,0.15053,3
2.86,8.1285,22.444,0.6116,-0.11004,0.0056,0.15052,3
2.87,8.1519,22.463,0.61547,-0.10998,0.0057247,0.1505,3
2.88,8.1753,22.482,0.61935,-0.10996,0.0058649,0.15048,3
2.89,8.1986,22.501,0.62322,-0.10977,0.0060037,0.15045,3
2.9,8.6066,22.547,0.43678,-0.10971,0.0061059,0.1504,3.0006
2.91,8.6329,22.561,0.44065,-0.10448,0.0053937,0.14972,3.0002
2.92,8.6593,22.576,0.44451,-0.10316,0.0031281,0.14881,3.0001
2.93,8.6855,22.591,0.44834,-0.10318,0.00058318,0.14792,3
2.94,8.7118,22.605,0.45215,-0.10385,-0.001881,0.14711,3
2.95,8.7379,22.62,0.45593,-0.10471,-0.0041368,0.14642,3
2.96,8.764,22.635,0.4597,-0.1056,-0.0061697,0.14584,3
2.97,8.7901,22.65,0.46346,-0.10629,-0.0080194,0.14534,3
2.98,8.8161,22.665,0.4672,-0.10708,-0.0097245,0.14493,3
2.99,8.842,22.68,0.47093,-0.10788,-0.011256,0.14462,3
3,8.075,22.779,0.88296,-0.10848,-0.012613,0.14441,2.9989
3.01,8.0926,22.803,0.88668,-0.11898,-0.012293,0.14547,2.9996
3.02,8.1102,22.828,0.89042,-0.12215,-0.0088451,0.14704,2.9998
3.03,8.1276,22.852,0.89421,-0.12244,-0.0047175,0.14863,2.9999
3.04,8.1449,22.877,0.89803,-0.12169,-0.0006429,0.15011,3
3.05,8.1621,22.901,0.9019,-0.12062,0.003204,0.15145,3
3.06,8.1792,22.926,0.9058,-0.11947,0.0068065,0.15264,3
3.07,8.1961,22.951,0.90973,-0.11832,0.010181,0.1537,3
3.08,8.213,22.976,0.91368,-0.11719,0.013345,0.15461,3
3.09,8.2298,23.001,0.91766,-0.11609,0.016312,0.1554,3
3.1,8.2556,23.032,0.91824,-0.11517,0.019117,0.15609,3
3.11,8.2722,23.057,0.92226,-0.11408,0.02178,0.15667,3
3.12,8.2888,23.082,0.92629,-0.11302,0.024254,0.15713,3
3.13,8.3052,23.107,0.93034,-0.11199,0.026554,0.15749,3
3.14,8.3215,23.132,0.93439,-0.11082,0.028661,0.15773,3
3.15,8.3377,23.158,0.93845,-0.1098,0.03056,0.15788,3
3.16,8.3538,23.183,0.94252,-0.10885,0.032299,0.15794,3
3.17,8.3698,23.209,0.94658,-0.10778,0.03387,0.1579,3
3.18,8.3857,23.234,0.95065,-0.10686,0.03526,0.15779,3
3.19,8.4015,23.26,0.95471,-0.10602,0.036516,0.15761,3
3.2,9.0179,23.267,0.4878,-0.10505,0.037597,0.15731,3.0006
3.21,9.0434,23.283,0.49185,-0.092543,0.03666,0.15552,3.0002
3.22,9.0689,23.299,0.49585,-0.088691,0.032034,0.15314,3.0001
3.23,9.0944,23.315,0.49979,-0.088412,0.02664,0.15077,3
3.24,9.1198,23.331,0.50367,-0.0894,0.021391,0.14857,3
3.25,9.1452,23.347,0.5075,-0.090605,0.016476,0.14656,3
3.26,9.1705,23.363,0.51127,-0.092012,0.01189,0.14476,3
3.27,9.1957,23.38,0.515,-0.093444,0.0076495,0.14316,3
3.28,9.2209,23.396,0.51868,-0.094676,0.003713,0.14173,3
3.29,9.2461,23.412,0.52233,-0.095986,3.9451e-05,0.14048,3
3.3,8.2755,23.511,1.0597,-0.097292,-0.0033094,0.13945,2.9986
3.31,8.2886,23.538,1.0633,-0.1112,-0.0043626,0.14012,2.9995
3.32,8.3016,23.565,1.0669,-0.1156,-0.0012996,0.1415,2.9998
3.33,8.3145,23.592,1.0706,-0.11626,0.0027053,0.14297,2.9999
3.34,8.3273,23.619,1.0743,-0.11558,0.0067033,0.14433,3
3.35,8.34,23.646,1.078,-0.11447,0.010468,0.14556,3
3.36,8.3525,23.674,1.0817,-0.11326,0.013976,0.14664,3
3.37,8.365,23.701,1.0855,-0.11204,0.017247,0.14758,3
3.38,8.3773,23.728,1.0893,-0.11084,0.020304,0.14839,3
3.39,8.3895,23.756,1.0931,-0.10967,0.023161,0.14907,3
3.4,7.9659,23.789,1.4631,-0.10853,0.025853,0.14967,2.9997
3.41,7.9672,23.819,1.467,-0.11593,0.029718,0.15119,2.9999
3.42,7.9684,23.849,1.4709,-0.11698,0.035999,0.15299,3
3.43,7.9695,23.879,1.4748,-0.11557,0.042569,0.15464,3
3.44,7.9704,23.909,1.4788,-0.11332,0.048804,0.15605,3
3.45,7.9711,23.939,1.4828,-0.11084,0.054565,0.15719,3
3.46,7.9718,23.969,1.4869,-0.10834,0.059853,0.15807,3
3.47,7.9723,23.999,1.4909,-0.1059,0.064693,0.15872,3
3.48,7.9727,24.029,1.495,-0.10354,0.069116,0.15914,3
3.49,7.9729,24.059,1.4991,-0.10124,0.073144,0.15934,3
3.5,9.18,24.054,0.36857,-0.099028,0.076723,0.15924,3.0001
3.51,9.2072,24.067,0.37267,-0.069685,0.075624,0.15565,3
3.52,9.2344,24.08,0.37667,-0.060611,0.065897,0.15066,3
3.53,9.2616,24.093,0.38055,-0.059664,0.054343,0.14564,3
3.54,9.2888,24.106,0.3843,-0.06161,0.043035,0.14096,3
3.55,9.3159,24.118,0.38793,-0.064281,0.032436,0.1367,3
3.56,9.343,24.131,0.39145,-0.06727,0.022564,0.13288,3
3.57,9.3701,24.144,0.39487,-0.070277,0.013409,0.12947,3
3.58,9.3972,24.157,0.39821,-0.073042,0.0048995,0.12644,3
3.59,9.4242,24.171,0.40146,-0.075837,-0.0030274,0.12379,3
3.6,8.4694,24.278,0.84695,-0.078581,-0.010333,0.12153,2.9985
3.61,8.4881,24.301,0.85008,-0.091882,-0.01537,0.1209,2.9994
3.62,8.5067,24.325,0.85319,-0.097123,-0.01662,0.12106,2.9998
3.63,8.5253,24.349,0.85631,-0.099166,-0.016771,0.12146,2.9999
3.64,8.5437,24.372,0.85944,-0.10003,-0.016633,0.12194,3
3.65,8.5622,24.396,0.86258,-0.10047,-0.016412,0.12246,3
3.66,8.5805,24.42,0.86573,-0.10078,-0.016138,0.12299,3
3.67,8.5987,24.444,0.8689,-0.10103,-0.015807,0.12354,3
3.68,8.6169,24.468,0.87208,-0.10125,-0.015415,0.12409,3
3.69,8.635,24.492,0.87527,-0.10144,-0.01496,0.12465,3
3.7,8.9655,24.545,0.67026,-0.1016,-0.014461,0.12519,3.0004
3.71,8.988,24.564,0.67348,-0.096828,-0.014687,0.12514,3.0001
3.72,9.0105,24.584,0.6767,-0.095707,-0.016357,0.12486,3.0001
3.73,9.0329,24.604,0.67992,-0.095825,-0.018275,0.12459,3
3.74,9.0552,24.625,0.68312,-0.096548,-0.020105,0.12438,3
3.75,9.0775,24.645,0.68633,-0.097276,-0.021755,0.12425,3
3.76,9.0997,24.665,0.68953,-0.098147,-0.023236,0.1242,3
3.77,9.1218,24.685,0.69272,-0.099036,-0.024521,0.12425,3
3.78,9.1439,24.706,0.69592,-0.09973,-0.025642,0.12435,3
3.79,9.1659,24.726,0.69912,-0.10051,-0.026633,0.12452,3
3.8,7.9818,24.837,1.4976,-0.10129,-0.027412,0.12483,2.9985
3.81,7.9824,24.867,1.5008,-0.12073,-0.025061,0.12748,2.9994
3.82,7.9829,24.897,1.5041,-0.12614,-0.01688,0.13103,2.9998
3.83,7.9832,24.927,1.5075,-0.12606,-0.0075539,0.13453,2.9999
3.84,7.9834,24.957,1.5109,-0.12403,0.0015217,0.13775,3
3.85,7.9834,24.987,1.5145,-0.12141,0.01002,0.14061,3
3.86,7.9833,25.018,1.5181,-0.11866,0.017917,0.14313,3
3.87,7.9831,25.048,1.5218,-0.11594,0.025251,0.14532,3
3.88,7.9827,25.078,1.5255,-0.11329,0.032061,0.1472,3
3.89,7.9821,25.108,1.5293,-0.11072,0.03838,0.14878,3
3.9,9.3982,25.126,0.20137,-0.10822,0.044142,0.14995,3.0001
3.91,9.4272,25.134,0.20523,-0.073931,0.044391,0.14699,3
3.92,9.4562,25.142,0.20902,-0.063577,0.034532,0.14236,3
3.93,9.4851,25.15,0.21268,-0.062418,0.02253,0.13764,3
3.94,9.5141,25.158,0.21623,-0.06471,0.01074,0.13328,3
3.95,9.543,25.166,0.21966,-0.06807,-0.00023757,0.12937,3
3.96,9.5719,25.174,0.22299,-0.071659,-0.010345,0.12594,3
3.97,9.6008,25.183,0.22623,-0.075041,-0.019671,0.12294,3
3.98,9.6297,25.191,0.2294,-0.07844,-0.028303,0.12036,3
3.99,9.6586,25.199,0.2325,-0.081766,-0.036251,0.11818,3
4,9.7236,25.334,0.34384,-0.084988,-0.043533,0.11638,3.0001
4.01,9.7513,25.346,0.34684,-0.090214,-0.049851,0.11519,3
4.02,9.779,25.357,0.3498,-0.093571,-0.054951,0.11439,3
4.03,9.8067,25.369,0.35275,-0.096322,-0.059417,0.11389,3
4.04,9.8343,25.381,0.35568,-0.098793,-0.063389,0.11362,3
4.05,9.862,25.393,0.35861,-0.10111,-0.066919,0.11358,3
4.06,9.8895,25.405,0.36153,-0.10314,-0.070057,0.11372,3
4.07,9.9171,25.417,0.36446,-0.10519,-0.072848,0.11404,3
4.08,9.9446,25.429,0.36739,-0.1072,-0.07527,0.11453,3
4.09,9.9721,25.441,0.37034,-0.10897,-0.077359,0.11515,3
4.1,9.9128,25.606,0.53674,-0.11078,-0.079143,0.11593,3
4.11,9.9379,25.622,0.53973,-0.11619,-0.080035,0.11728,3
4.12,9.9628,25.639,0.54275,-0.11864,-0.079541,0.11889,3
4.13,9.9877,25.656,0.54581,-0.12007,-0.078613,0.12058,3
4.14,10.013,25.673,0.54891,-0.12109,-0.077498,0.1223,3
4.15,10.037,25.69,0.55206,-0.12178,-0.076292,0.12401,3
4.16,10.062,25.707,0.55525,-0.12251,-0.075035,0.12572,3
4.17,10.087,25.724,0.55849,-0.12322,-0.073695,0.12743,3
4.18,10.111,25.741,0.56177,-0.12373,-0.072293,0.12911,3
4.19,10.136,25.759,0.56509,-0.12432,-0.070858,0.13078,3
4.2,9.9671,25.907,0.76995,-0.12492,-0.069345,0.13245,2.9998
4.21,9.9874,25.929,0.77336,-0.13006,-0.067036,0.13467,2.9999
4.22,10.008,25.952,0.77682,-0.13174,-0.063274,0.13707,3
4.23,10.028,25.974,0.78035,-0.13187,-0.059241,0.13941,3
4.24,10.048,25.996,0.78394,-0.13163,-0.055308,0.14164,3
4.25,10.068,26.019,0.78759,-0.13126,-0.051518,0.14374,3
4.26,10.088,26.041,0.79129,-0.13068,-0.047898,0.14571,3
4.27,10.108,26.064,0.79504,-0.13021,-0.044463,0.14755,3
4.28,10.127,26.087,0.79884,-0.12979,-0.041167,0.14928,3
4.29,10.147,26.109,0.80268,-0.12921,-0.03802,0.15089,3
4.3,10.465,26.209,0.65483,-0.12877,-0.03505,0.15237,3.0004
4.31,10.488,26.229,0.65875,-0.1242,-0.03287,0.15324,3.0002
4.32,10.51,26.249,0.6627,-0.12277,-0.032062,0.15384,3.0001
4.33,10.533,26.269,0.66666,-0.12256,-0.031584,0.15438,3
4.34,10.555,26.289,0.67063,-0.12261,-0.031153,0.15488,3
4.35,10.577,26.309,0.67462,-0.1229,-0.030719,0.15538,3
4.36,10.599,26.33,0.67862,-0.12327,-0.030235,0.1559,3
4.37,10.621,26.35,0.68264,-0.12346,-0.029726,0.1564,3
4.38,10.643,26.371,0.68666,-0.12377,-0.02922,0.1569,3
4.39,10.665,26.391,0.6907,-0.12411,-0.028682,0.15741,3
4.4,10.132,26.518,1.1041,-0.12444,-0.028076,0.15797,2.9994
4.41,10.144,26.545,1.1082,-0.13449,-0.025885,0.15971,2.9998
4.42,10.156,26.573,1.1123,-0.13723,-0.020703,0.1619,2.9999
4.43,10.167,26.601,1.1165,-0.13695,-0.014995,0.16401,3
4.44,10.178,26.629,1.1207,-0.13578,-0.0095083,0.16595,3
4.45,10.189,26.657,1.125,-0.13435,-0.0043696,0.16768,3
4.46,10.2,26.685,1.1293,-0.13271,0.00039497,0.1692,3
4.47,10.211,26.713,1.1336,-0.13121,0.0047872,0.17052,3
4.48,10.222,26.741,1.138,-0.12981,0.0088714,0.17166,3
4.49,10.233,26.769,1.1424,-0.12829,0.01265,0.17261,3
4.5,9.5555,26.845,1.7537,-0.12694,0.016158,0.17347,2.9996
4.51,9.5479,26.874,1.7582,-0.13973,0.021638,0.17588,2.9998
4.52,9.5401,26.903,1.7627,-0.14222,0.031178,0.17882,2.9999
4.53,9.5321,26.932,1.7673,-0.14053,0.041299,0.18156,3
4.54,9.524,26.961,1.772,-0.1374,0.05093,0.18394,3
4.55,9.5157,26.99,1.7767,-0.13386,0.059829,0.18592,3
4.56,9.5072,27.019,1.7815,-0.1303,0.067992,0.18751,3
4.57,9.4986,27.048,1.7863,-0.12682,0.075463,0.18873,3
4.58,9.4898,27.076,1.7912,-0.12328,0.08226,0.18959,3
4.59,9.4809,27.105,1.796,-0.11999,0.0884,0.19012,3
4.6,10.557,27.156,0.8018,-0.11685,0.09389,0.19026,2.9996
4.61,10.576,27.179,0.8067,-0.089661,0.094992,0.18718,2.9999
4.62,10.595,27.203,0.81152,-0.080695,0.088236,0.18277,2.9999
4.63,10.614,27.226,0.81623,-0.078722,0.079675,0.17822,3
4.64,10.632,27.25,0.82081,-0.079447,0.071102,0.1739,3
4.65,10.651,27.273,0.82529,-0.081042,0.062995,0.16988,3
4.66,10.67,27.297,0.82966,-0.082692,0.055384,0.16616,3
4.67,10.689,27.32,0.83394,-0.084484,0.048211,0.16274,3
4.68,10.707,27.344,0.83813,-0.086284,0.041479,0.15962,3
4.69,10.726,27.367,0.84224,-0.087879,0.035144,0.15676,3
4.7,10.33,27.439,1.1669,-0.089551,0.029188,0.1542,2.9996
4.71,10.34,27.467,1.1709,-0.098813,0.024821,0.15281,2.9998
4.72,10.35,27.496,1.1748,-0.10235,0.023143,0.15201,2.9999
4.73,10.36,27.524,1.1787,-0.10363,0.022243,0.15139,3
4.74,10.37,27.553,1.1826,-0.10391,0.021517,0.15084,3
4.75,10.379,27.581,1.1865,-0.10403,0.0208,0.15033,3
4.76,10.389,27.61,1.1904,-0.10411,0.020114,0.14985,3
4.77,10.398,27.638,1.1942,-0.10401,0.019449,0.14939,3
4.78,10.407,27.667,1.1981,-0.10403,0.01879,0.14895,3
4.79,10.416,27.695,1.2019,-0.10391,0.018156,0.14852,3
4.8,10.068,27.747,1.5271,-0.10393,0.017555,0.14815,2.9998
4.81,10.067,27.777,1.5309,-0.11152,0.018205,0.14872,2.9999
4.82,10.066,27.807,1.5348,-0.11348,0.021208,0.14966,3
4.83,10.066,27.837,1.5386,-0.11323,0.024677,0.1506,3
4.84,10.065,27.867,1.5425,-0.11203,0.028026,0.1514,3
4.85,10.064,27.897,1.5464,-0.11072,0.031097,0.15206,3
4.86,10.062,27.927,1.5503,-0.10941,0.033925,0.1526,3
4.87,10.061,27.957,1.5542,-0.10796,0.036508,0.15298,3
4.88,10.06,27.987,1.5582,-0.10668,0.038842,0.15325,3
4.89,10.058,28.017,1.5621,-0.1053,0.040955,0.15338,3
4.9,10.701,28.05,0.95995,-0.1041,0.042805,0.15335,3
4.91,10.716,28.075,0.9639,-0.088469,0.042177,0.15147,3
4.92,10.732,28.101,0.9678,-0.083752,0.036989,0.14885,3
4.93,10.747,28.127,0.97163,-0.083133,0.030855,0.14621,3
4.94,10.763,28.153,0.97539,-0.08415,0.024833,0.14375,3
4.95,10.778,28.178,0.97909,-0.085674,0.019217,0.14153,3
4.96,10.793,28.204,0.98274,-0.087137,0.014012,0.13953,3
4.97,10.808,28.23,0.98633,-0.088707,0.0091649,0.13774,3
4.98,10.824,28.256,0.98987,-0.09027,0.0046876,0.13618,3
4.99,10.839,28.282,0.99338,-0.09162,0.00053984,0.1348,3
5,11.147,28.329,0.77599,-0.09304,-0.0033332,0.13358,3.0003
5.01,11.167,28.351,0.77942,-0.089039,-0.0077519,0.13188,3.0001
5.02,11.188,28.374,0.78282,-0.089048,-0.013502,0.13011,3
5.03,11.208,28.396,0.78617,-0.090413,-0.019268,0.1285,3
5.04,11.228,28.418,0.78948,-0.092399,-0.024687,0.12714,3
5.05,11.248,28.441,0.79275,-0.094536,-0.02964,0.12602,3
5.06,11.268,28.463,0.79599,-0.09649,-0.034151,0.12512,3
5.07,11.287,28.486,0.79922,-0.0985,-0.038267,0.12444,3
5.08,11.307,28.509,0.80242,-0.10047,-0.041975,0.12397,3
5.09,11.327,28.531,0.80561,-0.10221,-0.045313,0.12367,3
5.1,10.821,28.627,1.2134,-0.10399,-0.048297,0.12359,2.9995
5.11,10.83,28.656,1.2166,-0.11534,-0.049407,0.12484,2.9998
5.12,10.839,28.685,1.2198,-0.11927,-0.047288,0.12666,2.9999
5.13,10.847,28.713,1.223,-0.12045,-0.044382,0.12856,3
5.14,10.856,28.742,1.2263,-0.12062,-0.041376,0.13042,3
5.15,10.865,28.771,1.2297,-0.12028,-0.038467,0.13218,3
5.16,10.873,28.8,1.2331,-0.11995,-0.035701,0.13385,3
5.17,10.881,28.829,1.2366,-0.11963,-0.03303,0.13543,3
5.18,10.89,28.858,1.24,-0.11915,-0.030461,0.1369,3
5.19,10.898,28.886,1.2436,-0.11878,-0.02801,0.13829,3
5.2,9.6982,28.953,2.3339,-0.11845,-0.025562,0.13971,2.9994
5.21,9.6762,28.974,2.3375,-0.14357,-0.019136,0.14414,2.9998
5.22,9.6541,28.994,2.3412,-0.14963,-0.0050438,0.14964,2.9999
5.23,9.6318,29.014,2.3451,-0.14827,0.010347,0.15495,3
5.24,9.6094,29.034,2.349,-0.1443,0.025149,0.15973,3
5.25,9.5869,29.054,2.3532,-0.1394,0.038902,0.16389,3
5.26,9.5643,29.074,2.3574,-0.13451,0.051561,0.16746,3
5.27,9.5415,29.094,2.3617,-0.12975,0.063231,0.17047,3
5.28,9.5187,29.113,2.3661,-0.12515,0.07399,0.17297,3
5.29,9.4957,29.133,2.3705,-0.12053,0.083866,0.17495,3
5.3,9.4853,29.212,2.3264,-0.11618,0.092879,0.17648,3.0001
5.31,9.4631,29.232,2.331,-0.11078,0.10091,0.17742,3
5.32,9.4408,29.252,2.3355,-0.10647,0.10783,0.17792,3
5.33,9.4184,29.272,2.3401,-0.10267,0.11398,0.17806,3
5.34,9.3959,29.292,2.3447,-0.098966,0.11947,0.17786,3
5.35,9.3733,29.312,2.3493,-0.095561,0.12433,0.17737,3
5.36,9.3506,29.332,2.3538,-0.092341,0.12863,0.17663,3
5.37,9.3278,29.351,2.3584,-0.089262,0.13242,0.17564,3
5.38,9.305,29.371,2.3629,-0.08614,0.13569,0.17441,3
5.39,9.2821,29.391,2.3674,-0.083259,0.13845,0.17298,3
5.4,9.4889,29.498,2.1618,-0.080539,0.14075,0.17136,2.9998
5.41,9.4704,29.521,2.1662,-0.072712,0.14182,0.16893,2.9999
5.42,9.4517,29.545,2.1706,-0.068915,0.14092,0.16613,3
5.43,9.4331,29.568,2.1749,-0.066748,0.1394,0.16323,3
5.44,9.4143,29.592,2.1791,-0.065047,0.13763,0.16029,3
5.45,9.3955,29.615,2.1832,-0.063722,0.1357,0.15735,3
5.46,9.3766,29.639,2.1872,-0.062559,0.13368,0.15444,3
5.47,9.3576,29.662,2.1912,-0.061316,0.13156,0.15153,3
5.48,9.3386,29.685,2.1951,-0.060258,0.12934,0.14865,3
5.49,9.3195,29.709,2.1989,-0.0593,0.12705,0.14582,3
5.5,9.5044,29.799,2.0103,-0.058238,0.12469,0.14298,2.9999
5.51,9.49,29.825,2.014,-0.052696,0.1215,0.13963,3
5.52,9.4756,29.852,2.0176,-0.050732,0.11688,0.13611,3
5.53,9.461,29.878,2.0211,-0.050012,0.11197,0.13266,3
5.54,9.4464,29.904,2.0245,-0.049934,0.10711,0.12934,3
5.55,9.4318,29.93,2.0278,-0.049909,0.1024,0.12616,3
5.56,9.4171,29.957,2.0311,-0.050077,0.097831,0.12313,3
5.57,9.4024,29.983,2.0342,-0.050309,0.093452,0.12025,3
5.58,9.3876,30.009,2.0373,-0.050391,0.089236,0.1175,3
5.59,9.3728,30.035,2.0403,-0.050599,0.085158,0.1149,3
5.6,9.7685,30.106,1.6796,-0.05085,0.08123,0.1124,2.9998
5.61,9.7638,30.136,1.6825,-0.042422,0.076103,0.10898,2.9999
5.62,9.7591,30.166,1.6853,-0.040327,0.06849,0.10528,3
5.63,9.7543,30.195,1.688,-0.04088,0.060539,0.10175,3
5.64,9.7495,30.225,1.6907,-0.042189,0.052901,0.098475,3
5.65,9.7447,30.255,1.6932,-0.043886,0.04571,0.095489,3
5.66,9.7398,30.284,1.6956,-0.04566,0.039011,0.092795,3
5.67,9.7349,30.314,1.698,-0.04724,0.032763,0.090358,3
5.68,9.7299,30.344,1.7004,-0.048886,0.026917,0.088176,3
5.69,9.725,30.373,1.7026,-0.050346,0.021463,0.08622,3
5.7,11.087,30.415,0.42862,-0.05188,0.016286,0.084363,2.9997
5.71,11.114,30.429,0.43079,-0.02341,0.0067283,0.079086,2.9999
5.72,11.141,30.442,0.43283,-0.017353,-0.011559,0.072674,3
5.73,11.167,30.456,0.4347,-0.019981,-0.031086,0.066607,3
5.74,11.194,30.469,0.43641,-0.025606,-0.049646,0.061259,3
5.75,11.221,30.483,0.43799,-0.031888,-0.066777,0.056679,3
5.76,11.248,30.496,0.43945,-0.038364,-0.082493,0.052862,3
5.77,11.275,30.509,0.44081,-0.044721,-0.096844,0.049771,3
5.78,11.302,30.523,0.44209,-0.050865,-0.10991,0.047359,3
5.79,11.329,30.536,0.44331,-0.056775,-0.12177,0.045579,3
5.8,10.785,30.655,0.7646,-0.062452,-0.13247,0.044416,2.9992
5.81,10.806,30.677,0.76574,-0.075347,-0.14091,0.0447,2.9997
5.82,10.828,30.698,0.76689,-0.082438,-0.14605,0.045819,2.9999
5.83,10.849,30.719,0.76807,-0.086969,-0.14986,0.047339,3
5.84,10.87,30.74,0.76929,-0.090651,-0.15296,0.049142,3
5.85,10.891,30.762,0.77056,-0.093953,-0.15548,0.051179,3
5.86,10.912,30.783,0.77187,-0.097034,-0.15746,0.05342,3
5.87,10.933,30.804,0.77325,-0.099781,-0.15897,0.055819,3
5.88,10.954,30.826,0.77468,-0.1025,-0.16005,0.058371,3
5.89,10.975,30.847,0.77619,-0.10513,-0.16068,0.061062,3
5.9,10.765,30.948,0.9832,-0.10763,-0.16089,0.063897,2.9998
5.91,10.781,30.974,0.98485,-0.11451,-0.15998,0.067382,2.9999
5.92,10.797,30.999,0.98658,-0.11789,-0.15734,0.071158,3
5.93,10.812,31.025,0.98841,-0.11983,-0.15413,0.074985,3
5.94,10.828,31.05,0.99034,-0.12102,-0.15074,0.078769,3
5.95,10.844,31.076,0.99237,-0.12208,-0.14728,0.082497,3
5.96,10.859,31.101,0.9945,-0.12307,-0.14376,0.086166,3
5.97,10.875,31.127,0.99671,-0.12398,-0.14017,0.089771,3
5.98,10.89,31.153,0.99903,-0.12465,-0.13654,0.093287,3
5.99,10.905,31.179,1.0014,-0.12538,-0.13292,0.096723,3
6,9.962,31.266,1.7941,-0.1261,-0.12922,0.10016,2.9992
6.01,9.9541,31.295,1.7967,-0.1449,-0.12261,0.10572,2.9997
6.02,9.946,31.324,1.7994,-0.15007,-0.11047,0.11202,2.9999
6.03,9.9379,31.353,1.8023,-0.14974,-0.097387,0.11812,3
6.04,9.9295,31.382,1.8054,-0.14762,-0.084728,0.12381,3
6.05,9.921,31.41,1.8086,-0.14497,-0.072772,0.12904,3
6.06,9.9123,31.439,1.8119,-0.14205,-0.061557,0.13379,3
6.07,9.9035,31.468,1.8153,-0.13927,-0.051066,0.1381,3
6.08,9.8945,31.496,1.8189,-0.13644,-0.041245,0.14197,3
6.09,9.8854,31.525,1.8225,-0.13383,-0.032074,0.14545,3
6.1,9.5271,31.548,2.1456,-0.13134,-0.02346,0.1486,3.0001
6.11,9.5091,31.572,2.1495,-0.13623,-0.014233,0.15229,3.0001
6.12,9.4911,31.596,2.1534,-0.13557,-0.0033382,0.15596,3
6.13,9.4729,31.62,2.1574,-0.13298,0.0073952,0.15929,3
6.14,9.4546,31.644,2.1615,-0.1296,0.017459,0.16217,3
6.15,9.4362,31.668,2.1657,-0.12621,0.026738,0.16464,3
6.16,9.4177,31.691,2.1699,-0.12291,0.03529,0.1667,3
6.17,9.399,31.715,2.1742,-0.11955,0.043136,0.16838,3
6.18,9.3802,31.738,2.1785,-0.11644,0.050296,0.1697,3
6.19,9.3613,31.762,2.1829,-0.11349,0.056843,0.1707,3
6.2,9.6903,31.817,1.9019,-0.11049,0.062773,0.17135,2.9997
6.21,9.6784,31.845,1.9063,-0.10102,0.067049,0.17091,2.9999
6.22,9.6665,31.873,1.9107,-0.096728,0.068767,0.16992,3
6.23,9.6545,31.9,1.9151,-0.09451,0.069644,0.16872,3
6.24,9.6423,31.928,1.9195,-0.092914,0.070179,0.16742,3
6.25,9.63,31.955,1.9238,-0.091739,0.070488,0.16605,3
6.26,9.6177,31.983,1.928,-0.090569,0.070615,0.16461,3
6.27,9.6052,32.01,1.9323,-0.089608,0.070556,0.16315,3
6.28,9.5927,32.037,1.9365,-0.08875,0.07036,0.16165,3
6.29,9.58,32.064,1.9406,-0.087788,0.070021,0.16013,3
6.3,8.5283,32.076,2.8611,-0.086999,0.069589,0.15868,3.0006
6.31,8.4989,32.083,2.8652,-0.10706,0.072349,0.15974,3.0002
6.32,8.4695,32.089,2.8693,-0.11163,0.081337,0.16174,3.0001
6.33,8.44,32.095,2.8735,-0.11018,0.091368,0.16364,3
6.34,8.4105,32.101,2.8777,-0.10664,0.10091,0.16518,3
6.35,8.381,32.107,2.8819,-0.10236,0.1096,0.16628,3
6.36,8.3515,32.112,2.8862,-0.098131,0.11739,0.16697,3
6.37,8.3219,32.118,2.8905,-0.094055,0.12439,0.16727,3
6.38,8.2923,32.123,2.8948,-0.090137,0.13068,0.16723,3
6.39,8.2627,32.129,2.8991,-0.086371,0.13629,0.16685,3
6.4,9.2687,32.288,2.5284,-0.082748,0.14126,0.16614,2.9983
6.41,9.2429,32.304,2.5327,-0.069856,0.14415,0.16401,2.9994
6.42,9.2171,32.319,2.5369,-0.064146,0.14362,0.16121,2.9998
6.43,9.1913,32.335,2.5411,-0.06131,0.14207,0.15823,2.9999
6.44,9.1654,32.35,2.5451,-0.059559,0.14022,0.15521,3
6.45,9.1395,32.365,2.5491,-0.05821,0.13826,0.15219,3
6.46,9.1135,32.38,2.5531,-0.056854,0.1362,0.14918,3
6.47,9.0875,32.395,2.5569,-0.055705,0.13403,0.14618,3
6.48,9.0614,32.41,2.5607,-0.054664,0.13177,0.14323,3
6.49,9.0353,32.425,2.5644,-0.053524,0.12944,0.14029,3
6.5,8.037,32.529,2.9967,-0.052563,0.12704,0.13743,3.0015
6.51,8.007,32.532,3.0003,-0.061329,0.12612,0.13579,3.0006
6.52,7.9771,32.534,3.0038,-0.062773,0.12808,0.13461,3.0002
6.53,7.9471,32.537,3.0072,-0.061578,0.13049,0.13344,3.0001
6.54,7.9172,32.539,3.0107,-0.059489,0.13268,0.13215,3
6.55,7.8872,32.541,3.0141,-0.057166,0.13453,0.13072,3
6.56,7.8572,32.544,3.0174,-0.054838,0.13601,0.12916,3
6.57,7.8273,32.546,3.0207,-0.052408,0.13715,0.12746,3
6.58,7.7973,32.548,3.024,-0.050186,0.13794,0.12564,3
6.59,7.7673,32.55,3.0273,-0.048094,0.13846,0.12372,3
6.6,9.1414,32.762,2.683,-0.0461,0.1387,0.12169,2.9977
6.61,9.1139,32.774,2.6861,-0.034859,0.13724,0.11844,2.9991
6.62,9.0863,32.786,2.6892,-0.030682,0.13274,0.11472,2.9997
6.63,9.0586,32.798,2.6921,-0.029297,0.12755,0.11099,2.9999
6.64,9.031,32.809,2.695,-0.028931,0.12237,0.10738,3
6.65,9.0034,32.821,2.6977,-0.028905,0.11739,0.10393,3
6.66,8.9757,32.833,2.7004,-0.029148,0.11264,0.10066,3
6.67,8.948,32.844,2.703,-0.029293,0.10815,0.097557,3
6.68,8.9203,32.856,2.7055,-0.029395,0.10384,0.094604,3
6.69,8.8926,32.868,2.708,-0.029478,0.099716,0.091795,3
6.7,9.3708,33.039,2.3735,-0.029555,0.095734,0.08909,2.9993
6.71,9.3484,33.059,2.3758,-0.021593,0.090638,0.08554,2.9997
6.72,9.326,33.079,2.378,-0.019646,0.083261,0.081758,2.9999
6.73,9.3036,33.099,2.3801,-0.020039,0.075613,0.078138,3
6.74,9.2812,33.119,2.3821,-0.021079,0.068257,0.074757,3
6.75,9.2588,33.139,2.3841,-0.022478,0.061305,0.071647,3
6.76,9.2364,33.159,2.3859,-0.023786,0.054773,0.068788,3
6.77,9.2139,33.179,2.3877,-0.0252,0.048626,0.066183,3
6.78,9.1915,33.199,2.3894,-0.026614,0.042885,0.063825,3
6.79,9.169,33.219,2.391,-0.027822,0.037512,0.06168,3
6.8,9.4648,33.325,2.1296,-0.029102,0.032452,0.059723,2.9997
6.81,9.4483,33.35,2.1311,-0.024182,0.026764,0.057222,2.9999
6.82,9.4317,33.375,2.1326,-0.023859,0.019544,0.054641,3
6.83,9.4151,33.4,2.134,-0.025124,0.012303,0.052254,3
6.84,9.3986,33.425,2.1353,-0.027091,0.0054619,0.050143,3
6.85,9.382,33.45,2.1366,-0.029068,-0.00087659,0.0483,3
6.86,9.3654,33.475,2.1379,-0.031159,-0.0067328,0.04673,3
6.87,9.3488,33.5,2.1391,-0.033228,-0.012093,0.045421,3
6.88,9.3321,33.525,2.1403,-0.03506,-0.017002,0.044338,3
6.89,9.3155,33.55,2.1414,-0.036934,-0.021508,0.043476,3
6.9,8.5424,33.58,2.7383,-0.038769,-0.025555,0.042887,3.0007
6.91,8.5145,33.592,2.7394,-0.053675,-0.027109,0.044084,3.0003
6.92,8.4867,33.603,2.7405,-0.058661,-0.02428,0.046056,3.0001
6.93,8.4589,33.614,2.7417,-0.059734,-0.020378,0.048131,3
6.94,8.431,33.625,2.743,-0.059219,-0.016428,0.050102,3
6.95,8.4031,33.636,2.7442,-0.058358,-0.012694,0.051936,3
6.96,8.3752,33.647,2.7456,-0.057412,-0.0091663,0.053628,3
6.97,8.3472,33.658,2.747,-0.056288,-0.0058459,0.055163,3
6.98,8.3193,33.669,2.7484,-0.055295,-0.0027373,0.05656,3
6.99,8.2913,33.68,2.7498,-0.054361,0.00021103,0.057833,3
7,8.9857,33.807,2.3903,-0.053285,0.0029649,0.05893,2.9989
7.01,8.9633,33.827,2.3919,-0.043593,0.0041386,0.058843,2.9996
7.02,8.9408,33.847,2.3934,-0.040684,0.0025362,0.05828,2.9998
7.03,8.9183,33.867,2.3949,-0.040232,0.0003861,0.057669,2.9999
7.04,8.8958,33.887,2.3964,-0.040641,-0.0016997,0.057119,3
7.05,8.8733,33.907,2.3978,-0.041306,-0.0035823,0.056656,3
7.06,8.8507,33.927,2.3993,-0.042018,-0.005255,0.056284,3
7.07,8.8281,33.946,2.4007,-0.042543,-0.0067651,0.055974,3
7.08,8.8055,33.966,2.4022,-0.043158,-0.008155,0.055735,3
7.09,8.7828,33.986,2.4036,-0.043785,-0.0093981,0.055568,3
7.1,7.1838,34.026,-2.8947,-0.044226,-0.010455,0.055546,3.002
7.11,7.1548,34.018,-2.8933,-0.066228,-0.008018,0.058172,3.0008
7.12,7.1259,34.01,-2.8918,-0.072166,0.0010654,0.061822,3.0003
7.13,7.097,34.001,-2.8902,-0.071827,0.011424,0.065417,3.0001
7.14,7.0682,33.993,-2.8885,-0.06927,0.02146,0.068678,3
7.15,7.0394,33.985,-2.8868,-0.066047,0.030803,0.071538,3
7.16,7.0106,33.976,-2.8849,-0.062533,0.0394,0.073976,3
7.17,6.9818,33.968,-2.883,-0.059192,0.047274,0.076027,3
7.18,6.953,33.959,-2.8811,-0.055992,0.054516,0.07772,3
7.19,6.9243,33.95,-2.8791,-0.052911,0.061177,0.079082,3
7.2,7.8052,34.183,-2.8745,-0.049935,0.067291,0.080134,2.9984
7.21,7.7765,34.174,-2.8724,-0.046014,0.072712,0.080762,2.9994
7.22,7.7479,34.165,-2.8703,-0.042972,0.077322,0.081077,2.9998
7.23,7.7192,34.156,-2.8682,-0.040328,0.081401,0.081146,2.9999
7.24,7.6906,34.147,-2.8662,-0.037883,0.08505,0.081002,3
7.25,7.662,34.138,-2.8641,-0.03556,0.088309,0.080663,3
7.26,7.6335,34.129,-2.862,-0.033332,0.091199,0.080147,3
7.27,7.6049,34.12,-2.8599,-0.031188,0.093739,0.079467,3
7.28,7.5764,34.11,-2.8579,-0.029125,0.095947,0.078638,3
7.29,7.5479,34.101,-2.8559,-0.02714,0.097842,0.077672,3
7.3,7.8097,34.394,-3.0498,-0.025233,0.099427,0.076562,2.9994
7.31,7.7799,34.39,-3.0478,-0.018798,0.1,0.074781,2.9998
7.32,7.7501,34.386,-3.0459,-0.015885,0.09892,0.072694,2.9999
7.33,7.7203,34.383,-3.044,-0.014387,0.097348,0.07054,3
7.34,7.6906,34.379,-3.0422,-0.013426,0.095645,0.068388,3
7.35,7.6608,34.375,-3.0404,-0.012669,0.093903,0.066261,3
7.36,7.631,34.371,-3.0387,-0.011995,0.092142,0.064166,3
7.37,7.6013,34.367,-3.0371,-0.011367,0.090364,0.062108,3
7.38,7.5715,34.363,-3.0355,-0.010771,0.088571,0.060087,3
7.39,7.5418,34.359,-3.0339,-0.010039,0.086739,0.058083,3
7.4,7.6952,34.64,3.0031,-0.0094591,0.084833,0.056088,2.9996
7.41,7.6654,34.644,3.0045,-0.0028043,0.081937,0.053387,2.9999
7.42,7.6356,34.647,3.0059,-0.00063332,0.077153,0.050435,2.9999
7.43,7.6058,34.65,3.0072,-0.00040974,0.072005,0.047556,3
7.44,7.576,34.654,3.0084,-0.00088459,0.066994,0.044835,3
7.45,7.5462,34.657,3.0096,-0.0015783,0.062241,0.042293,3
7.46,7.5164,34.661,3.0107,-0.0021543,0.057729,0.039906,3
7.47,7.4866,34.664,3.0117,-0.00285,0.053422,0.037683,3
7.48,7.4568,34.667,3.0127,-0.0035736,0.049348,0.035622,3
7.49,7.4269,34.671,3.0136,-0.0042898,0.045508,0.033719,3
7.5,6.6694,34.898,2.8933,-0.0048191,0.041861,0.031931,3.0013
7.51,6.6402,34.905,2.8941,-0.0017431,0.037789,0.02982,3.0005
7.52,6.611,34.912,2.8949,-0.0012989,0.032769,0.027659,3.0002
7.53,6.5819,34.919,2.8956,-0.0020508,0.027708,0.02564,3.0001
7.54,6.5527,34.926,2.8962,-0.0032077,0.022918,0.023811,3
7.55,6.5235,34.933,2.8969,-0.0042985,0.018437,0.022155,3
7.56,6.4943,34.94,2.8974,-0.0055081,0.014242,0.020679,3
7.57,6.4652,34.947,2.898,-0.0065593,0.010329,0.01936,3
7.58,6.436,34.954,2.8985,-0.0077035,0.006669,0.018203,3
7.59,6.4068,34.961,2.8989,-0.0088508,0.003291,0.017204,3
7.6,6.5821,35.156,2.681,-0.0097991,0.00015077,0.016312,2.9997
7.61,6.5552,35.169,2.6814,-0.0056857,-0.0035882,0.01493,2.9999
7.62,6.5282,35.183,2.6818,-0.0052567,-0.0086699,0.013426,3
7.63,6.5013,35.196,2.6821,-0.0064212,-0.013831,0.012066,3
7.64,6.4743,35.209,2.6824,-0.0079492,-0.018687,0.010892,3
7.65,6.4473,35.222,2.6827,-0.009726,-0.023173,0.0099279,3
7.66,6.4204,35.235,2.683,-0.011366,-0.02728,0.0091491,3
7.67,6.3934,35.248,2.6832,-0.013084,-0.031045,0.0085592,3
7.68,6.3665,35.262,2.6834,-0.014783,-0.034447,0.008152,3
7.69,6.3395,35.275,2.6836,-0.016257,-0.037524,0.007894,3
7.7,6.9644,35.427,2.2953,-0.017788,-0.040343,0.0077481,2.9991
7.71,6.9444,35.45,2.2955,-0.0098711,-0.044355,0.0066017,2.9997
7.72,6.9245,35.472,2.2956,-0.0089582,-0.050929,0.0051702,2.9999
7.73,6.9045,35.494,2.2958,-0.01073,-0.057722,0.0039106,3
7.74,6.8846,35.517,2.2959,-0.013397,-0.064052,0.0029334,3
7.75,6.8647,35.539,2.2959,-0.016278,-0.069777,0.0022543,3
7.76,6.8448,35.562,2.296,-0.019304,-0.074876,0.0018826,3
7.77,6.8248,35.584,2.296,-0.02211,-0.079365,0.0017837,3
7.78,6.8049,35.607,2.2961,-0.024754,-0.083327,0.001929,3
7.79,6.785,35.629,2.2961,-0.027268,-0.086806,0.0022964,3
7.8,6.6133,35.689,2.3797,-0.029666,-0.089829,0.0028747,3.0002
7.81,6.5915,35.71,2.3798,-0.03341,-0.092201,0.0038101,3.0001
7.82,6.5698,35.73,2.3799,-0.035961,-0.093733,0.0049801,3
7.83,6.5481,35.751,2.38,-0.037988,-0.094814,0.006295,3
7.84,6.5263,35.771,2.3802,-0.039601,-0.095601,0.007699,3
7.85,6.5045,35.792,2.3804,-0.041202,-0.096166,0.0091885,3
7.86,6.4827,35.813,2.3806,-0.042587,-0.096516,0.010737,3
7.87,6.4609,35.833,2.3809,-0.04403,-0.096681,0.012349,3
7.88,6.439,35.854,2.3812,-0.045282,-0.096658,0.014003,3
7.89,6.4172,35.874,2.3816,-0.046603,-0.096476,0.015705,3
7.9,5.6774,35.91,2.8367,-0.047739,-0.096103,0.017479,3.0009
7.91,5.6487,35.919,2.8371,-0.058252,-0.094124,0.020405,3.0003
7.92,5.62,35.928,2.8377,-0.061619,-0.089182,0.023765,3.0001
7.93,5.5913,35.937,2.8383,-0.062351,-0.08363,0.027103,3.0001
7.94,5.5625,35.945,2.839,-0.061958,-0.078157,0.030275,3
7.95,5.5338,35.954,2.8398,-0.06137,-0.072944,0.033268,3
7.96,5.505,35.962,2.8406,-0.060737,-0.067968,0.036084,3
7.97,5.4762,35.971,2.8415,-0.059931,-0.063234,0.038708,3
7.98,5.4474,35.979,2.8425,-0.059253,-0.058749,0.041163,3
7.99,5.4186,35.987,2.8436,-0.058461,-0.054492,0.043439,3
8,6.1881,36.12,2.5124,-0.057815,-0.050491,0.045528,2.9988
8.01,6.1635,36.137,2.5136,-0.04902,-0.047982,0.046477,2.9995
8.02,6.1389,36.154,2.5148,-0.046395,-0.048135,0.046928,2.9998
8.03,6.1143,36.172,2.516,-0.046175,-0.048892,0.047293,2.9999
8.04,6.0896,36.189,2.5172,-0.0468,-0.049641,0.047685,3
8.05,6.0649,36.206,2.5185,-0.047678,-0.05024,0.048131,3
8.06,6.0402,36.223,2.5197,-0.048601,-0.050679,0.048634,3
8.07,6.0154,36.24,2.5209,-0.049504,-0.050975,0.049191,3
8.08,5.9907,36.257,2.5222,-0.050372,-0.051144,0.049797,3
8.09,5.9659,36.273,2.5235,-0.051202,-0.051199,0.050445,3
8.1,5.8932,36.356,2.5004,-0.051996,-0.051153,0.05113,3.0001
8.11,5.8688,36.374,2.5017,-0.05236,-0.051073,0.051802,3.0001
8.12,5.8443,36.391,2.503,-0.052986,-0.051024,0.052486,3
8.13,5.8198,36.408,2.5044,-0.053695,-0.050913,0.053197,3
8.14,5.7953,36.426,2.5058,-0.054413,-0.050717,0.053938,3
8.15,5.7708,36.443,2.5071,-0.055112,-0.050435,0.054705,3
8.16,5.7462,36.46,2.5086,-0.055616,-0.0501,0.055474,3
8.17,5.7216,36.477,2.51,-0.056215,-0.04974,0.056257,3
8.18,5.6969,36.494,2.5114,-0.056666,-0.049348,0.057035,3
8.19,5.6723,36.512,2.5129,-0.05723,-0.04894,0.057823,3
8.2,5.5269,36.581,2.5412,-0.057652,-0.048502,0.058606,3.0002
8.21,5.5017,36.597,2.5427,-0.058492,-0.048006,0.059431,3.0001
8.22,5.4765,36.614,2.5442,-0.058966,-0.047394,0.060262,3
8.23,5.4513,36.63,2.5458,-0.059467,-0.046756,0.061097,3
8.24,5.426,36.646,2.5473,-0.059799,-0.046104,0.061916,3
8.25,5.4007,36.662,2.5489,-0.060238,-0.045459,0.062732,3
8.26,5.3754,36.678,2.5505,-0.060705,-0.044781,0.063551,3
8.27,5.35,36.694,2.5522,-0.060998,-0.044088,0.064352,3
8.28,5.3246,36.71,2.5538,-0.061399,-0.043406,0.065148,3
8.29,5.2992,36.726,2.5555,-0.061659,-0.042723,0.065923,3
8.3,5.9793,36.814,2.1336,-0.062039,-0.042083,0.066649,2.9991
8.31,5.9625,36.839,2.1353,-0.052329,-0.043026,0.066146,2.9996
8.32,5.9458,36.864,2.137,-0.050195,-0.04701,0.065192,2.9999
8.33,5.929,36.889,2.1387,-0.050996,-0.051502,0.064287,2.9999
8.34,5.9122,36.914,2.1404,-0.052812,-0.055756,0.063563,3
8.35,5.8953,36.939,2.142,-0.054908,-0.059603,0.063044,3
8.36,5.8784,36.964,2.1436,-0.057029,-0.06304,0.062728,3
8.37,5.8615,36.988,2.1452,-0.059096,-0.066093,0.062602,3
8.38,5.8445,37.013,2.1468,-0.061088,-0.068793,0.062651,3
8.39,5.8275,37.038,2.1485,-0.063002,-0.071163,0.062863,3
8.4,4.6601,37.027,3.0749,-0.064841,-0.073161,0.063316,3.001
8.41,4.6301,37.028,3.0765,-0.086271,-0.071751,0.066278,3.0004
8.42,4.6001,37.029,3.0782,-0.092739,-0.064114,0.07023,3.0001
8.43,4.5701,37.03,3.08,-0.093527,-0.055212,0.074193,3.0001
8.44,4.5401,37.031,3.0819,-0.092287,-0.046474,0.077908,3
8.45,4.5101,37.032,3.0839,-0.090245,-0.038266,0.081292,3
8.46,4.4801,37.032,3.086,-0.08818,-0.030638,0.084353,3
8.47,4.4501,37.033,3.0882,-0.086003,-0.02354,0.087091,3
8.48,4.4201,37.033,3.0904,-0.084015,-0.016946,0.089539,3
8.49,4.39,37.034,3.0927,-0.082136,-0.010784,0.09172,3
8.5,4.7932,37.176,2.9421,-0.080163,-0.0050583,0.093616,2.9993
8.51,4.7635,37.181,2.9445,-0.074611,-0.00036017,0.094813,2.9997
8.52,4.7339,37.185,2.947,-0.07198,0.0028226,0.095622,2.9999
8.53,4.7042,37.19,2.9494,-0.070514,0.0054579,0.096246,3
8.54,4.6745,37.194,2.9519,-0.069489,0.0078412,0.096747,3
8.55,4.6448,37.199,2.9544,-0.068794,0.010077,0.097168,3
8.56,4.6151,37.203,2.9569,-0.068041,0.012206,0.097506,3
8.57,4.5854,37.208,2.9594,-0.067276,0.01419,0.09776,3
8.58,4.5557,37.212,2.9619,-0.066522,0.016019,0.097934,3
8.59,4.5259,37.216,2.9644,-0.06579,0.017698,0.098032,3
8.6,4.1543,37.367,2.8872,-0.064915,0.019198,0.098031,3.0006
8.61,4.1249,37.374,2.8897,-0.061463,0.020073,0.097621,3.0002
8.62,4.0955,37.38,2.8922,-0.060129,0.019981,0.097033,3.0001
8.63,4.0662,37.386,2.8947,-0.059465,0.019597,0.096387,3
8.64,4.0368,37.392,2.8972,-0.059235,0.01911,0.095736,3
8.65,4.0074,37.398,2.8997,-0.058991,0.018587,0.095079,3
8.66,3.9779,37.404,2.9021,-0.058924,0.018026,0.094436,3
8.67,3.9485,37.41,2.9046,-0.058755,0.017444,0.093794,3
8.68,3.9191,37.416,2.907,-0.058734,0.016828,0.093171,3
8.69,3.8896,37.422,2.9094,-0.05877,0.016223,0.092575,3
8.7,4.401,37.575,2.6594,-0.058657,0.015597,0.091959,2.9992
8.71,4.3739,37.588,2.6618,-0.052498,0.013964,0.090613,2.9997
8.72,4.3468,37.601,2.6641,-0.051013,0.010474,0.089019,2.9999
8.73,4.3196,37.614,2.6664,-0.051346,0.0066827,0.087485,3
8.74,4.2924,37.627,2.6687,-0.052312,0.0030523,0.086092,3
8.75,4.2652,37.639,2.6709,-0.053459,-0.00031261,0.084854,3
8.76,4.238,37.652,2.6731,-0.05463,-0.0034073,0.083769,3
8.77,4.2107,37.665,2.6753,-0.055776,-0.0062478,0.082831,3
8.78,4.1834,37.677,2.6774,-0.056881,-0.0088506,0.082028,3
8.79,4.1561,37.69,2.6795,-0.057945,-0.011229,0.081353,3
8.8,3.2324,37.773,2.998,-0.059134,-0.013346,0.080851,3.0014
8.81,3.2026,37.776,3.0001,-0.065531,-0.014367,0.081103,3.0005
8.82,3.1727,37.779,3.0022,-0.067817,-0.013548,0.081705,3.0002
8.83,3.1429,37.782,3.0043,-0.068312,-0.012287,0.082352,3.0001
8.84,3.113,37.785,3.0064,-0.06834,-0.011017,0.082982,3
8.85,3.0831,37.788,3.0086,-0.06805,-0.009823,0.083559,3
8.86,3.0532,37.791,3.0107,-0.067841,-0.0087292,0.084094,3
8.87,3.0234,37.794,3.0129,-0.067668,-0.0076855,0.084596,3
8.88,2.9935,37.797,3.0151,-0.06734,-0.006701,0.085045,3
8.89,2.9636,37.8,3.0172,-0.067139,-0.0057929,0.08546,3
8.9,3.9316,37.952,2.7634,-0.066816,-0.0049629,0.085799,2.9983
8.91,3.9033,37.962,2.7656,-0.060419,-0.0051929,0.085352,2.9994
8.92,3.875,37.972,2.7678,-0.058722,-0.0073379,0.084604,2.9998
8.93,3.8467,37.982,2.77,-0.058851,-0.0098316,0.083868,2.9999
8.94,3.8184,37.992,2.7721,-0.059615,-0.012212,0.083224,3
8.95,3.79,38.002,2.7743,-0.060561,-0.014373,0.082691,3
8.96,3.7616,38.011,2.7764,-0.061529,-0.016312,0.082267,3
8.97,3.7333,38.021,2.7785,-0.062471,-0.018043,0.081945,3
8.98,3.7048,38.031,2.7806,-0.063375,-0.019585,0.081719,3
8.99,3.6764,38.04,2.7827,-0.064238,-0.02095,0.081581,3
9,3.5813,38.149,2.7197,-0.065061,-0.022154,0.081517,3.0002
9.01,3.5535,38.16,2.7218,-0.064323,-0.023443,0.081342,3.0001
9.02,3.5256,38.172,2.7239,-0.064688,-0.025047,0.081168,3
9.03,3.4978,38.183,2.726,-0.065461,-0.026594,0.081064,3
9.04,3.4699,38.194,2.7281,-0.066354,-0.027977,0.081044,3
9.05,3.4421,38.205,2.7301,-0.067257,-0.02918,0.081107,3
9.06,3.4141,38.216,2.7322,-0.068134,-0.030208,0.081247,3
9.07,3.3862,38.227,2.7343,-0.068972,-0.031072,0.081459,3
9.08,3.3582,38.238,2.7364,-0.069769,-0.031784,0.081736,3
9.09,3.3303,38.249,2.7385,-0.070527,-0.032352,0.082071,3
9.1,3.8251,38.347,2.4724,-0.071245,-0.032805,0.082432,2.9992
9.11,3.8009,38.365,2.4745,-0.065665,-0.034128,0.082081,2.9997
9.12,3.7767,38.382,2.4766,-0.064736,-0.037237,0.081492,2.9999
9.13,3.7524,38.4,2.4787,-0.065596,-0.040572,0.080971,3
9.14,3.7281,38.418,2.4808,-0.067061,-0.043678,0.080595,3
9.15,3.7038,38.435,2.4829,-0.068679,-0.046455,0.080377,3
9.16,3.6795,38.453,2.485,-0.070292,-0.048906,0.080311,3
9.17,3.6551,38.47,2.487,-0.071853,-0.051052,0.080387,3
9.18,3.6306,38.488,2.4891,-0.073348,-0.052917,0.080594,3
9.19,3.6062,38.505,2.4912,-0.074777,-0.054518,0.080919,3
9.2,4.3424,38.559,2.033,-0.076142,-0.055905,0.081308,2.999
9.21,4.3281,38.585,2.0351,-0.066834,-0.058746,0.080509,2.9996
9.22,4.3138,38.611,2.0371,-0.065411,-0.064593,0.079324,2.9999
9.23,4.2994,38.638,2.0392,-0.067023,-0.070806,0.078274,2.9999
9.24,4.285,38.664,2.0412,-0.069661,-0.076609,0.077486,3
9.25,4.2705,38.69,2.0432,-0.072559,-0.081836,0.076983,3
9.26,4.2559,38.716,2.0452,-0.075451,-0.08649,0.076754,3
9.27,4.2414,38.743,2.0471,-0.078252,-0.090608,0.076782,3
9.28,4.2267,38.769,2.0491,-0.080944,-0.094229,0.077045,3
9.29,4.2121,38.795,2.0511,-0.083523,-0.097386,0.077526,3
9.3,3.4302,38.743,2.7271,-0.085994,-0.10006,0.078272,3.0005
9.31,3.4024,38.754,2.7292,-0.10395,-0.099853,0.08109,3.0002
9.32,3.3745,38.765,2.7312,-0.11013,-0.094521,0.084772,3.0001
9.33,3.3465,38.776,2.7334,-0.11166,-0.08799,0.088525,3
9.34,3.3185,38.787,2.7357,-0.11133,-0.081466,0.092112,3
9.35,3.2905,38.797,2.7381,-0.11058,-0.075257,0.09549,3
9.36,3.2625,38.808,2.7405,-0.10954,-0.069384,0.098635,3
9.37,3.2343,38.819,2.7431,-0.10861,-0.063837,0.10157,3
9.38,3.2062,38.829,2.7457,-0.10773,-0.058552,0.10431,3
9.39,3.178,38.839,2.7484,-0.10672,-0.05353,0.10684,3
9.4,3.1111,38.867,2.7502,-0.10584,-0.048781,0.10919,3.0001
9.41,3.0828,38.877,2.753,-0.10483,-0.044291,0.11135,3
9.42,3.0545,38.887,2.7559,-0.10383,-0.040096,0.11332,3
9.43,3.0262,38.897,2.7588,-0.10302,-0.036164,0.11513,3
9.44,2.9978,38.907,2.7618,-0.10213,-0.032463,0.11677,3
9.45,2.9694,38.916,2.7648,-0.10139,-0.028995,0.11828,3
9.46,2.9409,38.926,2.7678,-0.10073,-0.025711,0.11967,3
9.47,2.9124,38.936,2.7709,-0.099923,-0.022622,0.12092,3
9.48,2.8839,38.945,2.774,-0.099264,-0.019744,0.12206,3
9.49,2.8554,38.954,2.7772,-0.098501,-0.017057,0.12307,3
9.5,2.0863,38.993,3.0031,-0.097893,-0.014552,0.124,3.0012
9.51,2.0563,38.995,3.0063,-0.10065,-0.011681,0.12522,3.0005
9.52,2.0264,38.998,3.0096,-0.10097,-0.0079348,0.12652,3.0002
9.53,1.9964,39,3.0128,-0.10018,-0.0041616,0.12771,3.0001
9.54,1.9665,39.002,3.0161,-0.099196,-0.00062432,0.12876,3
9.55,1.9365,39.004,3.0194,-0.098004,0.0026393,0.12965,3
9.56,1.9065,39.006,3.0228,-0.096952,0.0056202,0.1304,3
9.57,1.8765,39.008,3.0261,-0.09581,0.0083481,0.13102,3
9.58,1.8465,39.01,3.0295,-0.094842,0.010825,0.13151,3
9.59,1.8165,39.012,3.0329,-0.093958,0.013108,0.13191,3
9.6,1.3423,39.11,2.991,-0.092955,0.015187,0.13219,3.0008
9.61,1.3124,39.113,2.9944,-0.089911,0.016698,0.1321,3.0003
9.62,1.2825,39.116,2.9978,-0.088591,0.017381,0.13183,3.0001
9.63,1.2526,39.118,3.0012,-0.087789,0.017777,0.13149,3
9.64,1.2226,39.121,3.0046,-0.087367,0.018035,0.13112,3
9.65,1.1927,39.123,3.008,-0.086918,0.018215,0.13071,3
9.66,1.1627,39.126,3.0113,-0.086644,0.018314,0.13028,3
9.67,1.1328,39.128,3.0147,-0.086439,0.018377,0.12986,3
9.68,1.1028,39.13,3.018,-0.086094,0.018391,0.12941,3
9.69,1.0728,39.132,3.0214,-0.085886,0.018336,0.12896,3
9.7,1.3069,39.241,2.895,-0.085568,0.01822,0.12848,2.9996
9.71,1.2774,39.247,2.8983,-0.082364,0.017561,0.12762,2.9998
9.72,1.2479,39.252,2.9016,-0.08149,0.015966,0.12665,2.9999
9.73,1.2183,39.258,2.9049,-0.081689,0.014235,0.12572,3
9.74,1.1888,39.263,2.9081,-0.08208,0.01262,0.12486,3
9.75,1.1592,39.269,2.9113,-0.082517,0.011132,0.12408,3
9.76,1.1297,39.274,2.9145,-0.082951,0.0097633,0.12337,3
9.77,1.1001,39.279,2.9177,-0.08337,0.0085036,0.12272,3
9.78,1.0705,39.285,2.9208,-0.083603,0.0073185,0.12212,3
9.79,1.0409,39.29,2.924,-0.083944,0.0061793,0.12157,3
9.8,1.5655,39.381,2.7354,-0.084317,0.0051108,0.12106,2.9991
9.81,1.5373,39.391,2.7385,-0.080091,0.0034036,0.12005,2.9997
9.82,1.5091,39.402,2.7416,-0.079296,0.00039109,0.11888,2.9999
9.83,1.4809,39.412,2.7446,-0.079825,-0.0027797,0.11778,3
9.84,1.4527,39.422,2.7477,-0.080805,-0.0057719,0.11682,3
9.85,1.4244,39.432,2.7507,-0.081903,-0.0085116,0.11599,3
9.86,1.3961,39.442,2.7536,-0.083005,-0.010998,0.11529,3
9.87,1.3678,39.452,2.7566,-0.084072,-0.013248,0.11472,3
9.88,1.3394,39.462,2.7596,-0.085096,-0.015275,0.11427,3
9.89,1.311,39.472,2.7625,-0.086075,-0.017094,0.11392,3
9.9,1.9929,39.527,2.4787,-0.08701,-0.018734,0.11365,2.9989
9.91,1.9684,39.544,2.4816,-0.081368,-0.021225,0.11268,2.9996
9.92,1.9438,39.561,2.4845,-0.080576,-0.025524,0.1115,2.9998
9.93,1.9192,39.579,2.4874,-0.081649,-0.030006,0.11043,2.9999
9.94,1.8945,39.596,2.4902,-0.083349,-0.034194,0.10955,3
9.95,1.8698,39.613,2.4931,-0.085204,-0.037988,0.10888,3
9.96,1.8451,39.63,2.4959,-0.087049,-0.041391,0.10839,3
9.97,1.8203,39.647,2.4986,-0.088834,-0.044426,0.10809,3
9.98,1.7954,39.664,2.5014,-0.090545,-0.04712,0.10795,3
