Lat GPS (deg),Long GPS (deg),Accelerometer Y (rad/s^2),Gyroscope X (rad/s),Gyroscope Z (rad/s),Steering Angle encoder(rad),Speed VESC (rad/s),Time (ms),Time,flag,Input,Reset Traj,State Estimate X (m),State Estimate Y (m),State Estimate Psi (rad),State Estimate Roll (rad),State Estimate Rollrate (rad/s),State Estimate Delta (rad),State Estimate Velocity (m/s),Steerrate input (rad/s),Rollref,Closestpoint,Error1,Error2,Dpsiref contribution,Lateral contribution,Heading contribution
0.0000000000,0.0000000000,-0.098578,-0.00532,0.007378,0.062379,-0.042726,5408228,0,0,0,0,1331912.186509,6414564.288914,2.053392,0.00033,-0.003793,0.062086,-0.013288,0,0.000001,1,0.014221,0.028752,-0.037975,-0.000064,-0.002783
1.0068374318,0.2090594415,-0.067461,-0.011275,0.0086,0.062379,-0.042726,5408327,0,1,0,0,1331905.858758,6414572.212404,-2.522509,-0.000686,-0.007458,0.062079,-0.013278,0,0.000003,65,-0.60713,1.545314,-0.040305,0.002715,-0.149555
1.0068374318,0.2090594415,-0.081823,-0.018148,0.004171,0.062549,-0.042726,5408427,0,7,0,0,1331905.862930,6414572.208882,-2.511842,-0.002365,-0.015704,0.062242,-0.013288,0,0.000003,65,-0.608348,1.555978,-0.027622,0.002721,-0.150588
1.0068374318,0.2090594444,-0.106956,-0.01998,0.006309,0.062662,-0.042726,5408527,0,14,0,0,1331905.867146,6414572.205397,-2.501152,-0.00469,-0.019979,0.062353,-0.013288,0,0.000003,65,-0.609624,1.566666,-0.019216,0.002726,-0.151622
1.0068374289,0.2090594444,-0.128499,-0.027463,0.008753,0.062804,-0.042726,5408627,0,20,0,0,1331905.871408,6414572.201945,-2.490433,-0.007337,-0.027463,0.062501,-0.013288,0,0.000003,65,-0.610957,1.577382,-0.013644,0.002732,-0.152659
1.0068374289,0.2090594444,-0.230229,-0.012344,0.004019,0.062832,-0.042726,5408727,0,28,0,0,1331905.875709,6414572.198535,-2.479705,-0.009633,-0.016161,0.062523,-0.013288,0,0.000003,65,-0.612488,1.589183,-0.009951,0.002739,-0.153801
1.0068374289,0.2090594444,-0.151238,-0.015093,0.004629,0.063228,-0.042726,5408827,0,34,0,0,1331905.880053,6414572.195164,-2.468955,-0.010861,-0.008978,0.062918,-0.013288,0,0.000002,65,-0.61394,1.599932,-0.007503,0.002746,-0.154841
1.0068374289,0.2090594444,-0.151238,-0.016315,0.006615,0.064756,-0.042726,5408927,0,41,0,0,1331905.884490,6414572.191768,-2.458022,-0.012129,-0.012794,0.064449,-0.013288,0,0.000002,65,-0.615453,1.610866,-0.00588,0.002752,-0.1559
1.0068374289,0.2090594444,-0.197914,-0.015857,0.005698,0.065521,-0.042726,5409027,0,47,0,0,1331905.889029,6414572.188344,-2.446885,-0.013606,-0.018147,0.065194,-0.013288,0,0.000002,65,-0.616869,1.620884,-0.004805,0.002759,-0.156869
1.0068374289,0.2090594444,-0.232622,-0.008832,0.006462,0.065521,-0.042726,5409128,0,53,0,0,1331908.724120,6414569.518222,1.088827,-0.015029,-0.011884,0.065207,-0.013291,0,-0.000002,65,-1.030637,-1.189811,-0.004093,0.004609,0.11515
1.0068374289,0.2090594444,-0.21467,-0.00593,0.006615,0.065549,-0.042726,5409227,0,59,0,0,1331910.927633,6414567.576728,-1.498395,-0.015928,-0.009594,0.06523,-0.013288,0,0.000004,65,-1.44484,2.506152,-0.003622,0.006461,-0.242545
1.0068374318,0.2090594444,-0.156026,-0.00761,0.004629,0.065606,-0.042726,5409327,0,66,0,0,1331912.563287,6414566.186329,-0.104434,-0.016663,-0.007608,0.065276,-0.013286,0,-0.000004,65,-1.786111,-2.383073,-0.003304,0.007987,0.230634
1.0068374289,0.2090594444,-0.171584,-0.010817,0.005546,0.065719,-0.042726,5409427,0,72,0,0,1331913.704310,6414565.009161,-1.064467,-0.017682,-0.010814,0.065335,-0.013286,0,0.000004,65,-1.889204,2.940078,-0.003094,0.008449,-0.284541
1.0068374318,0.2090594473,-0.208686,-0.00929,0.008447,0.065832,-0.042726,5409527,0,79,0,0,1331914.633936,6414564.197615,-0.684154,-0.018765,-0.009288,0.065485,-0.01328,0,-0.000005,65,-2.069253,-2.962797,-0.002955,0.009254,0.286739
1.0068374318,0.2090594444,-0.201505,-0.013872,0.00692,0.06603,-0.042726,5409627,0,85,0,0,1331915.319469,6414563.546844,-0.747626,-0.019865,-0.014783,0.065659,-0.013288,0,-0.000005,65,-2.168006,-3.026271,-0.002863,0.009695,0.292883
1.0068374318,0.2090594444,-0.190734,-0.010054,0.012876,0.066256,-0.042726,5409727,0,93,0,0,1331915.855662,6414563.044903,-0.749947,-0.020974,-0.012339,0.065901,-0.013283,0,-0.000005,65,-2.249843,-3.028597,-0.002803,0.010061,0.293108
1.0068374318,0.2090594444,-0.213473,-0.013566,0.004935,0.066709,-0.042726,5409827,0,93,0,0,1331915.858505,6414563.049945,-0.738598,-0.022122,-0.01341,0.066384,-0.013288,0,-0.000005,65,-2.255277,-3.017256,-0.002765,0.010086,0.29201
1.0068374289,0.2090594444,-0.217064,-0.015246,0.004782,0.066851,-0.042726,5409927,0,106,0,0,1331916.596238,6414562.343677,-0.75367,-0.023199,-0.011119,0.066503,-0.013285,0,-0.000005,65,-2.357703,-3.032331,-0.002737,0.010544,0.293469
1.0068374289,0.2090594444,-0.202702,-0.008985,0.01028,0.066936,-0.042726,5410027,0,112,0,0,1331916.848474,6414562.105905,-0.750648,-0.024036,-0.008217,0.066611,-0.013285,0,-0.000005,65,-2.39513,-3.029311,-0.00272,0.010711,0.293177
1.0068374289,0.2090594444,-0.21826,-0.009748,0.010127,0.066992,-0.042726,5410128,0,118,0,0,1331917.044622,6414561.921228,-0.747216,-0.025013,-0.008521,0.066668,-0.013287,0,-0.000005,65,-2.424381,-3.025879,-0.002709,0.010842,0.292845
1.0068374289,0.2090594473,-0.202702,-0.020438,0.007836,0.067077,-0.042726,5410227,0,125,0,0,1331917.201278,6414561.777728,-0.741416,-0.02637,-0.020434,0.06675,-0.013286,0,-0.000005,65,-2.450336,-3.020081,-0.002703,0.010958,0.292283
1.0068374289,0.2090594473,-0.229032,-0.022882,0.013792,0.067106,-0.042726,5410327,0,132,0,0,1331917.322980,6414561.666143,-0.736451,-0.028053,-0.022876,0.066796,-0.013287,0,-0.000005,65,-2.470434,-3.015116,-0.002698,0.011048,0.291803
1.0068374289,0.2090594503,-0.314006,-0.018453,0.012265,0.067106,-0.042726,5410427,0,138,0,0,1331917.421747,6414561.579443,-0.729361,-0.029993,-0.019823,0.06679,-0.013282,0,-0.000005,65,-2.489248,-3.008026,-0.002695,0.011132,0.291117
1.0068374289,0.2090594503,-0.306825,-0.015246,-0.000257,0.067106,-0.042726,5410527,0,144,0,0,1331917.498595,6414561.512262,-0.722708,-0.03157,-0.015242,0.066753,-0.013288,0,-0.000005,65,-2.504069,-3.001373,-0.002693,0.011198,0.290473
1.0068374260,0.2090594503,-0.31999,-0.011581,0.005546,0.067106,-0.042726,5410627,0,151,0,0,1331917.558020,6414561.455553,-0.719981,-0.032804,-0.016617,0.066772,-0.013287,0,-0.000005,65,-2.512982,-2.997501,-0.002692,0.011238,0.290098
1.0068374260,0.2090594503,-0.314006,-0.009137,0.006767,0.067134,-0.042726,5410727,0,158,0,0,1331917.604240,6414561.411524,-0.71657,-0.033549,-0.009132,0.066803,-0.013287,0,-0.000005,65,-2.519542,-2.994089,-0.002691,0.011267,0.289768
1.0068374260,0.2090594503,-0.324777,-0.005778,0.010127,0.067134,-0.042726,5410827,0,165,0,0,1331917.640038,6414561.377088,-0.713003,-0.034029,-0.005773,0.066813,-0.013272,0,-0.000005,65,-2.524425,-2.98377,-0.002691,0.011289,0.288769
1.0068374260,0.2090594532,-0.302038,-0.006389,0.007073,0.067134,-0.042726,5410927,0,171,0,0,1331917.672299,6414561.350790,-0.705932,-0.03408,-0.004245,0.066807,-0.013287,0,-0.000005,65,-2.531322,-2.984597,-0.002691,0.01132,0.288849
1.0068374260,0.2090594532,-0.303235,0.002469,0.003713,0.067134,-0.042726,5411028,0,178,0,0,1331917.697324,6414561.330333,-0.699287,-0.033889,0.001406,0.06682,-0.013287,0,-0.000005,65,-2.537071,-2.977953,-0.002691,0.011346,0.288206
1.0068374289,0.2090594532,-0.329565,0.007661,0.011807,0.067134,-0.042726,5411126,0,183,0,0,1331917.716975,6414561.318893,-0.689604,-0.033068,0.007666,0.066818,-0.013288,0,-0.000005,65,-2.544589,-2.96827,-0.002691,0.011379,0.287269
1.0068374260,0.2090594532,-0.287676,0.01209,0.005088,0.067134,-0.042726,5411227,0,190,0,0,1331917.731917,6414561.305482,-0.684243,-0.031665,0.012095,0.066798,-0.013288,0,-0.000005,65,-2.547246,-2.962909,-0.00269,0.011391,0.28675
1.0068374289,0.2090594561,-0.182356,0.013923,0.005393,0.067134,-0.042726,5411327,0,197,0,0,1331917.747953,6414561.299596,-0.673006,-0.030148,0.006293,0.066804,-0.013288,0,-0.000005,65,-2.555621,-2.951672,-0.00269,0.011429,0.285663
1.0068374289,0.2090594561,-0.144058,0.002622,0.00127,0.067134,-0.042726,5411427,0,203,0,0,1331917.760297,6414561.294951,-0.663122,-0.028545,0.004155,0.066801,-0.013288,0,-0.000005,65,-2.561995,-2.941787,-0.00269,0.011457,0.284706
1.0068374289,0.2090594561,-0.217064,-0.00593,0.009516,0.067134,-0.042726,5411527,0,210,0,0,1331917.769800,6414561.291291,-0.654217,-0.028335,0.001099,0.066805,-0.013288,0,-0.000005,65,-2.566847,-2.932883,-0.00269,0.011479,0.283844
1.0068374289,0.2090594590,-0.213473,-0.006999,0.002644,0.067134,-0.042726,5411627,0,216,0,0,1331917.781366,6414561.288585,-0.643564,-0.028589,-0.006689,0.066795,-0.013288,0,-0.000005,65,-2.573889,-2.92223,-0.002691,0.01151,0.282813
1.0068374289,0.2090594561,-0.176372,-0.008068,0.006767,0.067162,-0.042726,5411727,0,223,0,0,1331917.786002,6414561.286249,-0.636497,-0.0291,-0.008063,0.066803,-0.013288,0,-0.000005,65,-2.575899,-2.915162,-0.002691,0.011519,0.282129
1.0068374289,0.2090594561,-0.217064,-0.016468,0.00692,0.06719,-0.042726,5411827,0,230,0,0,1331917.789507,6414561.284301,-0.629783,-0.029716,-0.01234,0.066869,-0.013287,0,-0.000005,65,-2.577301,-2.90845,-0.002691,0.011526,0.28148
1.0068374289,0.2090594590,-0.202702,-0.015704,0.004477,0.000028,-0.042726,5411927,0,237,0,0,1331917.795611,6414561.281796,-0.624004,-0.030768,-0.016309,0.000045,-0.013287,0,-0.000005,65,-2.580872,-2.901524,-0.002691,0.011542,0.280809
1.0068374289,0.2090594590,-0.278101,-0.01998,0.006615,0.000028,-0.042726,5412028,0,243,0,0,1331917.798568,6414561.277378,-0.625693,-0.031666,-0.020434,0.000046,-0.013287,0,-0.000005,65,-2.580221,-2.903212,-0.002691,0.011539,0.280973
1.0068374289,0.2090594590,-0.282889,-0.016621,0.0086,0.000057,-0.042726,5412126,0,249,0,0,1331917.800866,6414561.273993,-0.626962,-0.032399,-0.016616,0.000083,-0.013288,0,-0.000005,65,-2.579801,-2.904482,-0.002691,0.011537,0.281096
1.0068374260,0.2090594619,-0.328368,-0.00929,0.00692,0.000057,-0.042726,5412227,0,256,0,0,1331917.806750,6414561.267195,-0.628827,-0.032743,-0.010201,0.000094,-0.013288,0,-0.000005,65,-2.579861,-2.906347,-0.002691,0.011537,0.281276
1.0068374289,0.2090594590,-0.328368,0.000636,0.004935,0.000057,-0.042726,5412327,0,262,0,0,1331917.807267,6414561.266136,-0.629322,-0.032227,0.003236,0.000077,-0.013288,0,-0.000005,65,-2.579567,-2.906843,-0.002691,0.011536,0.281324
1.0068374260,0.2090594590,-0.249378,0.005981,0.002033,0.000057,-0.042726,5412427,0,269,0,0,1331917.807530,6414561.260945,-0.633001,-0.030928,0.005223,0.000077,-0.013287,0,-0.000005,65,-2.576365,-2.91052,-0.002691,0.011522,0.28168
1.0068374260,0.2090594590,-0.157223,0.006898,0.007684,0.000057,-0.042726,5412527,0,275,0,0,1331917.807735,6414561.257012,-0.635776,-0.029477,0.004155,0.000065,-0.013288,0,-0.000005,65,-2.573968,-2.913295,-0.002691,0.011511,0.281949
1.0068374289,0.2090594619,-0.08302,-0.016621,0.014709,0.000057,-0.042726,5412627,0,281,0,0,1331917.812377,6414561.258515,-0.632152,-0.029127,-0.012796,0.000104,-0.013288,0,-0.000005,65,-2.578503,-2.909673,-0.002691,0.011531,0.281598
1.0068374260,0.2090594619,-0.220654,-0.021202,0.005393,0.000057,-0.042726,5412727,0,289,0,0,1331917.815767,6414561.255261,-0.632712,-0.030367,-0.023182,0.000067,-0.013288,0,-0.000005,65,-2.578969,-2.910232,-0.002691,0.011533,0.281652
1.0068374260,0.2090594619,-0.264936,-0.022118,0.003102,0.000057,-0.042726,5412827,0,296,0,0,1331917.818458,6414561.252706,-0.633131,-0.031892,-0.016615,0.000078,-0.013286,0,-0.000005,65,-2.578671,-2.910217,-0.002691,0.011532,0.281651
1.0068374260,0.2090594619,-0.292463,-0.013566,0.009669,0.000057,-0.042726,5412928,0,302,0,0,1331917.820507,6414561.250763,-0.633447,-0.033171,-0.015089,0.000099,-0.013288,0,-0.000005,65,-2.579652,-2.910968,-0.002691,0.011536,0.281723
1.0068374260,0.2090594648,-0.298447,-0.014482,0.00127,0.000057,-0.042726,5413027,0,309,0,0,1331917.826403,6414561.249393,-0.631265,-0.034022,-0.019059,0.000054,-0.013286,0,-0.000005,65,-2.579355,-2.910954,-0.002691,0.011535,0.281722
1.0068374260,0.2090594648,-0.296054,-0.008527,0.005546,0.000057,-0.042726,5413127,0,315,0,0,1331917.830933,6414561.248306,-0.62962,-0.034571,-0.009285,0.000074,-0.013287,0,-0.000005,65,-2.585987,-2.90714,-0.002691,0.011565,0.281353
1.0068374260,0.2090594619,-0.321187,-0.020591,0.006462,0.000057,-0.042726,5413227,0,321,0,0,1331917.830134,6414561.247297,-0.630786,-0.03507,-0.017989,0.000078,-0.013288,0,-0.000005,65,-2.584724,-2.908306,-0.002691,0.011559,0.281466
1.0068374260,0.2090594648,-0.327171,-0.015399,0.006615,0.000057,-0.042726,5413327,0,328,0,0,1331917.833828,6414561.246669,-0.629254,-0.035911,-0.016309,0.000083,-0.013287,0,-0.000005,65,-2.587125,-2.906775,-0.002691,0.01157,0.281318
1.0068374260,0.2090594648,-0.303235,-0.012803,0.007378,0.000057,-0.042726,5413427,0,334,0,0,1331917.836654,6414561.246170,-0.628099,-0.036434,-0.012796,0.000079,-0.013288,0,-0.000005,65,-2.588951,-2.905619,-0.002691,0.011578,0.281206
1.0068374260,0.2090594648,-0.310416,-0.014177,0.000964,0.000057,-0.042726,5413527,0,340,0,0,1331917.838812,6414561.245780,-0.627222,-0.036678,-0.012645,0.000075,-0.013288,0,-0.000005,65,-2.590338,-2.904742,-0.002691,0.011584,0.281121
1.0068374260,0.2090594648,-0.298447,-0.014941,0.012571,0.000085,-0.042726,5413627,0,347,0,0,1331917.840501,6414561.245443,-0.62656,-0.036902,-0.009586,0.000119,-0.013288,0,-0.000005,65,-2.591404,-2.90408,-0.002691,0.011589,0.281057
1.0068374260,0.2090594648,-0.483954,-0.016773,0.009364,0.000113,-0.042726,5413727,0,354,0,0,1331917.841832,6414561.245154,-0.62605,-0.037658,-0.01967,0.000137,-0.013288,0,-0.000005,65,-2.592228,-2.903571,-0.002691,0.011592,0.281008
1.0068374260,0.2090594648,-0.430098,-0.006083,0.004019,0.000113,-0.042726,5413828,0,361,0,0,1331917.842860,6414561.244921,-0.62566,-0.037806,-0.010202,0.000124,-0.013288,0,-0.000005,65,-2.592859,-2.903181,-0.002691,0.011595,0.28097
1.0068374231,0.2090594677,-0.427704,0.002927,0.007378,0.000113,-0.042726,5413927,0,367,0,0,1331917.847734,6414561.240541,-0.626282,-0.03703,0.000031,0.000133,-0.013287,0,-0.000005,65,-2.593722,-2.903804,-0.002691,0.011599,0.28103
1.0068374231,0.2090594677,-0.347517,-0.001654,0.00524,0.000113,-0.042726,5414027,0,374,0,0,1331917.851531,6414561.237148,-0.626748,-0.035948,-0.003024,0.000121,-0.013287,0,-0.000005,65,-2.594375,-2.904267,-0.002691,0.011602,0.281075
1.0068374231,0.2090594677,-0.251771,-0.006694,0.00692,0.000113,-0.042726,5414127,0,380,0,0,1331917.854465,6414561.234537,-0.627095,-0.035179,-0.009132,0.000146,-0.013288,0,-0.000005,65,-2.594912,-2.904614,-0.002691,0.011604,0.281108
1.0068374231,0.2090594706,-0.445656,-0.008374,0.00295,0.000113,-0.042726,5414227,0,386,0,0,1331917.861000,6414561.232683,-0.624956,-0.035276,-0.008216,0.00012,-0.013288,0,-0.000005,65,-2.598677,-2.902475,-0.002691,0.011621,0.280902
1.0068374231,0.2090594706,-0.302038,-0.002876,0.008447,0.000113,-0.042726,5414327,0,393,0,0,1331917.866051,6414561.231203,-0.623343,-0.035074,-0.001344,0.000147,-0.013288,0,-0.000005,65,-2.601557,-2.900862,-0.002691,0.011634,0.280745
1.0068374231,0.2090594706,-0.343926,-0.006694,-0.000563,0.000113,-0.042726,5414427,0,399,0,0,1331917.869932,6414561.230040,-0.622125,-0.034821,-0.009132,0.000115,-0.013288,0,-0.000005,65,-2.603754,-2.899645,-0.002691,0.011644,0.280628
1.0068374231,0.2090594706,-0.330761,-0.005167,0.006309,0.000113,-0.042726,5414527,0,406,0,0,1331917.872981,6414561.229080,-0.621205,-0.034751,-0.006384,0.000125,-0.013287,0,-0.000005,65,-2.60548,-2.898726,-0.002691,0.011652,0.280539
1.0068374231,0.2090594706,-0.327171,-0.008527,0.003866,0.000113,-0.042726,5414627,0,412,0,0,1331917.875291,6414561.228352,-0.620507,-0.034636,-0.00898,0.000143,-0.013288,0,-0.000005,65,-2.606764,-2.898028,-0.002691,0.011657,0.280471
1.0068374231,0.2090594706,-0.353501,-0.009901,0.00295,0.000113,-0.042726,5414727,0,420,0,0,1331917.877125,6414561.227739,-0.619976,-0.034574,-0.008217,0.000123,-0.013288,0,-0.000005,65,-2.607761,-2.897497,-0.002691,0.011662,0.28042
1.0068374231,0.2090594735,-0.388209,-0.010512,0.012113,0.000113,-0.042726,5414828,0,426,0,0,1331917.882791,6414561.227421,-0.617199,-0.034812,-0.010506,0.00015,-0.013287,0,-0.000005,65,-2.611864,-2.89472,-0.002691,0.01168,0.280151
1.0068374231,0.2090594735,-0.426507,-0.010817,0.006615,0.000113,-0.042726,5414927,0,433,0,0,1331917.887160,6414561.227124,-0.615102,-0.034864,-0.010813,0.000133,-0.013287,0,-0.000005,65,-2.614993,-2.892623,-0.002691,0.011694,0.279948
1.0068374231,0.2090594735,-0.487545,0.007203,-0.00713,0.000142,-0.042726,5415027,0,439,0,0,1331917.890504,6414561.226873,-0.613515,-0.034107,0.007206,0.000141,-0.013288,0,-0.000005,65,-2.617374,-2.891036,-0.002691,0.011705,0.279795
1.0068374231,0.2090594735,-0.414539,0.026445,0.012723,0.000142,-0.042726,5415127,0,445,0,0,1331917.893083,6414561.226649,-0.612314,-0.031876,0.023853,0.000182,-0.013288,0,-0.000005,65,-2.61919,-2.889836,-0.002691,0.011713,0.279678
1.0068374231,0.2090594735,-0.221851,0.021864,0.001117,0.000142,-0.042726,5415227,0,451,0,1,1331917.895025,6414561.226488,-0.611403,-0.028751,0.020953,0.000134,-0.013288,0,-0.000004,1,0.007943,-2.634979,-0.002691,-0.000036,0.255013
1.0068374231,0.2090594764,-0.114137,0.00873,0.000353,0.000142,-0.042726,5415327,0,458,0,1,1331917.900815,6414561.226479,-0.608363,-0.026468,0.008582,0.000145,-0.013288,0,-0.000004,1,0.019405,-2.631941,-0.021304,-0.000087,0.254719
1.0068374231,0.2090594735,-0.193127,-0.006847,0.009516,0.000142,-0.042726,5415427,0,464,0,1,1331917.901008,6414561.226268,-0.608406,-0.025638,0.001098,0.000172,-0.013288,0,-0.000003,1,0.002658,-2.631983,-0.033642,-0.000012,0.254723
1.0068374231,0.2090594735,-0.264936,-0.008679,0.010433,0.000142,-0.042726,5415526,0,471,0,1,1331917.901160,6414561.226104,-0.608434,-0.025874,-0.008675,0.000173,-0.013288,0,-0.000003,1,0.002593,-2.632012,-0.041819,-0.000012,0.254726
1.0068374231,0.2090594764,-0.26733,-0.011581,0.006309,0.000142,-0.042726,5415627,0,477,0,1,1331917.905497,6414561.226162,-0.606114,-0.026596,-0.015397,0.000131,-0.013288,0,-0.000003,1,0.015397,-2.629689,-0.04724,-0.000069,0.254501
1.0068374231,0.2090594764,-0.321187,-0.009901,0.012723,0.000142,-0.042726,5415728,0,485,0,1,1331917.908911,6414561.226113,-0.604363,-0.027086,-0.012494,0.000174,-0.013287,0,-0.000003,1,0.012348,-2.627938,-0.050832,-0.000055,0.254332
1.0068374231,0.2090594764,-0.34273,-0.00425,0.002186,0.000142,-0.042726,5415827,0,492,0,1,1331917.911567,6414561.226026,-0.603037,-0.02705,-0.007912,0.000161,-0.013287,0,-0.000003,1,0.009998,-2.626612,-0.053214,-0.000045,0.254203
1.0068374231,0.2090594793,-0.31999,-0.002112,0.002797,0.000142,-0.042726,5415927,0,498,0,1,1331917.917831,6414561.226118,-0.599714,-0.026741,-0.0044,0.000168,-0.013287,0,-0.000003,1,0.02099,-2.623289,-0.054792,-0.000094,0.253882
1.0068374231,0.2090594793,-0.264936,0.003385,0.00295,0.000142,-0.042726,5416027,0,504,0,1,1331917.922658,6414561.226128,-0.597209,-0.026041,0.002167,0.00016,-0.013287,0,-0.000003,1,0.016645,-2.620783,-0.055838,-0.000074,0.253639
1.0068374231,0.2090594793,-0.250575,0.003385,0.007226,0.000142,-0.042726,5416127,0,510,0,1,1331917.926328,6414561.226123,-0.595316,-0.025324,0.003237,0.00017,-0.013288,0,-0.000003,1,0.013346,-2.61889,-0.056532,-0.00006,0.253456
1.0068374231,0.2090594793,-0.275708,-0.010054,0.007836,0.000142,-0.042726,5416227,0,516,0,1,1331917.929134,6414561.226102,-0.593881,-0.025118,-0.008064,0.000174,-0.013288,0,-0.000003,1,0.010833,-2.617456,-0.056991,-0.000048,0.253317
1.0068374231,0.2090594793,-0.284085,-0.010512,0.005088,0.000142,-0.042726,5416327,0,524,0,0,1331917.931394,6414561.225992,-0.592795,-0.025559,-0.010356,0.000164,-0.013287,0,-0.000003,1,0.008848,-2.61637,-0.057296,-0.00004,0.253212
1.0068374231,0.2090594793,-0.291266,-0.013719,0.007226,0.000142,-0.042726,5416427,0,530,0,0,1331917.933089,6414561.225921,-0.591971,-0.025817,-0.010203,0.000178,-0.013288,0,-0.000003,1,0.007356,-2.615546,-0.057498,-0.000033,0.253133
1.0068374231,0.2090594793,-0.279298,-0.003792,0.005546,0.000142,-0.042726,5416527,0,536,0,0,1331917.934396,6414561.225850,-0.591344,-0.026094,-0.012494,0.000161,-0.013288,0,-0.000003,1,0.006211,-2.614919,-0.057632,-0.000028,0.253072
1.0068374202,0.2090594793,-0.272117,-0.00761,0.009058,0.000142,-0.042726,5416627,0,543,0,0,1331917.935264,6414561.221395,-0.59426,-0.025879,-0.007606,0.000168,-0.013287,0,-0.000003,1,0.00738,-2.617835,-0.057721,-0.000033,0.253354
1.0068374202,0.2090594793,-0.274511,-0.00364,0.000964,0.000142,-0.042726,5416728,0,550,0,0,1331917.935975,6414561.217986,-0.596457,-0.025694,-0.002719,0.00016,-0.013288,0,-0.000003,1,0.008166,-2.620035,-0.05778,-0.000037,0.253567
1.0068374202,0.2090594793,-0.275708,-0.006999,0.004629,0.000142,-0.042726,5416827,0,557,0,0,1331917.936579,6414561.215361,-0.598113,-0.025365,-0.005165,0.000149,-0.013287,0,-0.000003,1,0.008817,-2.620007,-0.057819,-0.000039,0.253564
1.0068374202,0.2090594793,-0.281692,0.000178,0.007836,0.000142,-0.042726,5416927,0,563,0,0,1331917.937021,6414561.213385,-0.599359,-0.025116,0.000641,0.000169,-0.013288,0,-0.000003,1,0.009238,-2.622937,-0.057844,-0.000041,0.253848
1.0068374202,0.2090594793,-0.239803,-0.005014,0.009058,0.000198,-0.042726,5417027,0,570,0,0,1331917.937430,6414561.211840,-0.600295,-0.024748,-0.007301,0.000219,-0.013287,0,-0.000003,1,0.009884,-2.622906,-0.057862,-0.000044,0.253845
1.0068374231,0.2090594881,-0.243394,-0.005014,0.007531,0.000198,-0.042726,5417127,0,575,0,0,1331917.950599,6414561.215559,-0.590694,-0.024606,-0.00501,0.00022,-0.013288,0,-0.000003,1,-0.003857,-2.614269,-0.057873,0.000017,0.253009
1.0068374202,0.2090594793,-0.254165,-0.00929,0.002339,0.000198,-0.042726,5417227,0,582,0,0,1331917.947832,6414561.213407,-0.593707,-0.024554,-0.004858,0.000216,-0.013288,0,-0.000003,1,-0.000428,-2.617282,-0.057881,0.000002,0.253301
1.0068374202,0.2090594822,-0.269724,-0.010512,0.009516,0.000198,-0.042726,5417327,0,590,0,0,1331917.950004,6414561.211922,-0.593702,-0.025028,-0.008218,0.00022,-0.013286,0,-0.000003,1,-0.001731,-2.617277,-0.057886,0.000008,0.2533
1.0068374231,0.2090594852,-0.258952,-0.014024,0.007531,0.000198,-0.042726,5417427,0,595,0,0,1331917.956072,6414561.215321,-0.588018,-0.025571,-0.010967,0.000218,-0.013287,0,-0.000003,1,-0.008675,-2.611592,-0.057889,0.000039,0.25275
1.0068374231,0.2090594881,-0.248181,-0.019217,0.009822,0.000198,-0.042726,5417527,0,602,0,0,1331917.964952,6414561.218023,-0.581456,-0.02622,-0.019977,0.000222,-0.013287,0,-0.000003,1,-0.017842,-2.605031,-0.057891,0.00008,0.252115
1.0068374231,0.2090594881,-0.235016,-0.019522,0.012265,0.000198,-0.042726,5417627,0,609,0,0,1331917.971795,6414561.219986,-0.576513,-0.027222,-0.018143,0.000219,-0.013286,0,-0.000003,1,-0.024854,-2.600088,-0.057892,0.000111,0.251637
1.0068374231,0.2090594881,-0.278101,-0.023035,0.013487,0.000198,-0.042726,5417727,0,609,0,0,1331917.970692,6414561.220727,-0.576475,-0.02873,-0.022572,0.000225,-0.013288,0,-0.000003,1,-0.024186,-2.60005,-0.057893,0.000108,0.251633
1.0068374231,0.2090594881,-0.34273,-0.02838,0.00692,0.000198,-0.042726,5417827,0,616,0,0,1331917.975971,6414561.222141,-0.572746,-0.030778,-0.031431,0.000216,-0.013288,0,-0.000003,1,-0.029552,-2.596321,-0.057894,0.000132,0.251272
1.0068374231,0.2090594881,-0.366666,-0.022424,0.007836,0.000198,-0.042726,5417927,0,629,0,0,1331917.984252,6414561.223192,-0.567834,-0.032598,-0.02242,0.000221,-0.013287,0,-0.000003,1,-0.033734,-2.593507,-0.057894,0.000151,0.251
1.0068374231,0.2090594881,-0.377437,-0.017384,0.0086,0.000198,-0.042726,5418027,0,635,0,0,1331917.986629,6414561.223750,-0.566219,-0.034021,-0.017379,0.000223,-0.013287,0,-0.000003,1,-0.036847,-2.591375,-0.057895,0.000165,0.250793
1.0068374202,0.2090594881,-0.371453,-0.013719,0.01028,0.000198,-0.042726,5418127,0,641,0,0,1331917.988271,6414561.219791,-0.568442,-0.034692,-0.012952,0.000202,-0.013287,0,-0.000003,1,-0.039584,-2.592017,-0.057895,0.000177,0.250855
1.0068374202,0.2090594881,-0.390602,-0.01433,0.005393,0.000198,-0.042726,5418227,0,641,0,0,1331917.987161,6414561.220522,-0.568404,-0.035153,-0.013715,0.000219,-0.013288,0,-0.000003,1,-0.038906,-2.591979,-0.057895,0.000174,0.250852
1.0068374231,0.2090594881,-0.373847,-0.010665,0.008295,0.000198,-0.042726,5418327,0,654,0,0,1331917.990807,6414561.218781,-0.567931,-0.035522,-0.01234,0.000218,-0.013288,0,-0.000003,1,-0.041423,-2.591506,-0.057895,0.000185,0.250806
1.0068374231,0.2090594881,-0.392996,-0.012803,0.009211,0.000198,-0.042726,5418427,0,660,0,0,1331917.991676,6414561.220358,-0.566272,-0.035764,-0.012493,0.000214,-0.013288,0,-0.000003,1,-0.042895,-2.589847,-0.057895,0.000192,0.250645
1.0068374231,0.2090594881,-0.414539,-0.011886,0.01028,0.000198,-0.042726,5418527,0,667,0,0,1331917.992382,6414561.221520,-0.565012,-0.036059,-0.009286,0.000208,-0.013287,0,-0.000003,1,-0.044038,-2.588587,-0.057895,0.000197,0.250523
1.0068374202,0.2090594910,-0.408555,-0.005014,0.012265,0.000198,-0.042726,5418628,0,674,0,0,1331917.996983,6414561.218180,-0.565317,-0.036194,-0.008981,0.000206,-0.013285,0,-0.000003,1,-0.043424,-2.588553,-0.057896,0.000194,0.25052
1.0068374202,0.2090594910,-0.416932,-0.003487,0.007073,0.000198,-0.042726,5418727,0,681,0,0,1331918.000564,6414561.215591,-0.565542,-0.035681,-0.000429,0.000212,-0.013286,0,-0.000003,1,-0.046101,-2.588858,-0.057895,0.000206,0.25055
1.0068374202,0.2090594910,-0.431294,0.010868,0.00692,0.000198,-0.042726,5418827,0,687,0,0,1331918.003325,6414561.213598,-0.565707,-0.034555,0.009804,0.000218,-0.013287,0,-0.000003,1,-0.050412,-2.589281,-0.057895,0.000225,0.250591
1.0068374202,0.2090594910,-0.381028,0.009341,0.005393,0.000198,-0.042726,5418927,0,687,0,0,1331918.002213,6414561.214326,-0.56567,-0.032766,0.013316,0.000211,-0.013288,0,-0.000003,1,-0.049731,-2.589244,-0.057895,0.000222,0.250587
1.0068374202,0.2090594910,-0.327171,0.011174,0.0086,0.000198,-0.042726,5419027,0,700,0,0,1331918.007184,6414561.210830,-0.565911,-0.030697,0.015912,0.000218,-0.013288,0,-0.000003,1,-0.052672,-2.589485,-0.057895,0.000236,0.25061
1.0068374202,0.2090594910,-0.291266,0.01377,0.001728,0.000226,-0.042726,5419127,0,706,0,0,1331918.008453,6414561.209923,-0.565966,-0.028548,0.017746,0.000252,-0.013288,0,-0.000003,1,-0.053416,-2.58954,-0.057895,0.000239,0.250616
1.0068374202,0.2090594939,-0.264936,0.011632,0.004324,0.000311,-0.042726,5419227,0,712,0,0,1331918.013671,6414561.209385,-0.5638,-0.026385,0.009191,0.000327,-0.013288,0,-0.000004,1,-0.007031,-3.121528,-0.057895,0.000031,0.302101
1.0068374202,0.2090594939,-0.229032,0.00873,0.009058,0.000311,-0.042726,5419327,0,719,0,0,1331918.017702,6414561.208927,-0.562157,-0.024647,0.008734,0.000337,-0.013288,0,-0.000004,1,-0.008871,-3.119885,-0.057895,0.00004,0.301943
1.0068374202,0.2090594939,-0.208686,0.005676,0.007226,0.000368,-0.042726,5419427,0,726,0,0,1331918.020842,6414561.208526,-0.560908,-0.023441,0.00568,0.000388,-0.013287,0,-0.000004,1,-0.010267,-3.118637,-0.057895,0.000046,0.301822
1.0068374202,0.2090594939,-0.182356,-0.006694,0.008295,0.000538,-0.042726,5419527,0,732,0,0,1331918.023271,6414561.208197,-0.559942,-0.022961,-0.006689,0.000532,-0.013288,0,-0.000004,1,-0.01133,-3.117673,-0.057895,0.000051,0.301728
1.0068374202,0.2090594939,-0.184749,-0.017842,0.007989,0.000566,-0.042726,5419628,0,739,0,0,1331918.025152,6414561.207929,-0.559186,-0.02323,-0.011731,0.000558,-0.013288,0,-0.000004,1,-0.012145,-3.116909,-0.057895,0.000054,0.301654
1.0068374202,0.2090594939,-0.249378,-0.01601,0.013334,0.000566,-0.042726,5419727,0,746,0,0,1331918.026631,6414561.207693,-0.558599,-0.024373,-0.016006,0.000585,-0.013287,0,-0.000004,1,-0.012763,-3.116321,-0.057895,0.000057,0.301598
1.0068374202,0.2090594939,-0.269724,-0.024409,0.01028,0.000566,-0.042726,5419827,0,752,0,0,1331918.027774,6414561.207499,-0.55814,-0.025704,-0.02181,0.000596,-0.013287,0,-0.000004,1,-0.013232,-3.115862,-0.057895,0.000059,0.301553
1.0068374202,0.2090594968,-0.29725,-0.025173,0.011502,0.000594,-0.042726,5419927,0,759,0,0,1331918.032886,6414561.207502,-0.555614,-0.027578,-0.027153,0.000626,-0.013286,0,-0.000004,1,-0.016052,-3.113336,-0.057896,0.000072,0.301309
1.0068374202,0.2090594968,-0.3164,-0.028532,0.007836,0.000594,-0.042726,5420027,0,759,0,0,1331918.031785,6414561.208248,-0.555508,-0.029609,-0.027154,0.000628,-0.013288,0,-0.000004,1,-0.016067,-3.11323,-0.057895,0.000072,0.301298
1.0068374202,0.2090594968,-0.377437,-0.023798,0.006309,0.000594,-0.042726,5420127,0,771,0,0,1331918.039861,6414561.207395,-0.552231,-0.031238,-0.019517,0.000627,-0.013288,0,-0.000004,1,-0.019809,-3.109954,-0.057895,0.000089,0.300981
1.0068374202,0.2090594968,-0.397783,-0.013872,0.011654,0.000623,-0.042726,5420227,0,778,0,0,1331918.042213,6414561.207314,-0.55111,-0.032305,-0.013715,0.000658,-0.013287,0,-0.000004,1,-0.021037,-3.108832,-0.057895,0.000094,0.300873
1.0068374202,0.2090594968,-0.349911,-0.01265,0.003713,0.000651,-0.042726,5420327,0,785,0,0,1331918.044029,6414561.207232,-0.550246,-0.032691,-0.008675,0.000661,-0.013287,0,-0.000004,1,-0.02197,-3.107968,-0.057895,0.000098,0.300789
1.0068374202,0.2090594997,-0.339139,-0.009596,0.007531,0.000651,-0.042726,5420427,0,791,0,0,1331918.049632,6414561.207328,-0.547437,-0.03285,-0.01341,0.000664,-0.013287,0,-0.000004,1,-0.025139,-3.105159,-0.057895,0.000112,0.300517
1.0068374202,0.2090594997,-0.352304,-0.009901,0.010433,0.000651,-0.042726,5420528,0,797,0,0,1331918.053954,6414561.207351,-0.545307,-0.032789,-0.006079,0.000672,-0.013287,0,-0.000004,1,-0.02754,-3.103029,-0.057895,0.000123,0.300311
1.0068374202,0.2090594997,-0.370256,-0.003945,0.007531,0.000651,-0.042726,5420627,0,803,0,0,1331918.057264,6414561.207345,-0.543682,-0.032589,-0.004551,0.000678,-0.013288,0,-0.000004,1,-0.02936,-3.101404,-0.057895,0.000131,0.300154
1.0068374202,0.2090594997,-0.347517,-0.00532,0.004324,0.000651,-0.042726,5420727,0,811,0,0,1331918.059868,6414561.207278,-0.542443,-0.03239,-0.007911,0.000671,-0.013287,0,-0.000004,1,-0.03074,-3.100165,-0.057895,0.000137,0.300034
1.0068374202,0.2090594997,-0.34632,-0.006847,0.00295,0.000651,-0.042726,5420827,0,817,0,0,1331918.061829,6414561.207236,-0.54149,-0.032329,-0.006384,0.000674,-0.013288,0,-0.000004,1,-0.031786,-3.099212,-0.057895,0.000142,0.299942
1.0068374202,0.2090594997,-0.334352,-0.010359,0.007226,0.000651,-0.042726,5420927,0,824,0,0,1331918.063393,6414561.207154,-0.540757,-0.032373,-0.007912,0.000678,-0.013287,0,-0.000004,1,-0.032579,-3.098479,-0.057895,0.000146,0.299871
1.0068374202,0.2090595026,-0.358288,-0.01097,0.006004,0.000651,-0.042726,5421027,0,830,0,0,1331918.068772,6414561.207267,-0.538081,-0.032407,-0.008828,0.000671,-0.013288,0,-0.000004,1,-0.035638,-3.095803,-0.057895,0.000159,0.299612
1.0068374202,0.2090595026,-0.364272,-0.014941,0.005393,0.000651,-0.042726,5421127,0,836,0,0,1331918.072947,6414561.207288,-0.536051,-0.032651,-0.015851,0.000678,-0.013287,0,-0.000004,1,-0.037958,-3.093774,-0.057895,0.00017,0.299415
1.0068374202,0.2090594997,-0.36906,-0.011886,0.007836,0.000651,-0.042726,5421227,0,842,0,0,1331918.071900,6414561.207143,-0.536589,-0.033012,-0.011729,0.000669,-0.013288,0,-0.000004,1,-0.03726,-3.094312,-0.057895,0.000167,0.299467
1.0068374202,0.2090594997,-0.366666,-0.010512,0.009364,0.000651,-0.042726,5421327,0,849,0,0,1331918.071143,6414561.207009,-0.536984,-0.033401,-0.009132,0.000684,-0.013288,0,-0.000004,1,-0.036731,-3.094706,-0.057895,0.000164,0.299506
1.0068374202,0.2090595026,-0.375044,-0.009137,0.009516,0.000651,-0.042726,5421427,0,855,0,0,1331918.074730,6414561.207103,-0.535174,-0.033721,-0.010508,0.000667,-0.013288,0,-0.000004,1,-0.038786,-3.092896,-0.057895,0.000173,0.299331
1.0068374173,0.2090594997,-0.366666,-0.008068,0.009822,0.000651,-0.042726,5421528,0,862,0,0,1331918.073147,6414561.202580,-0.539394,-0.034034,-0.01402,0.000682,-0.013288,0,-0.000004,1,-0.03414,-3.097116,-0.057895,0.000153,0.299739
1.0068374173,0.2090594997,-0.396587,-0.010817,0.009669,0.000651,-0.042726,5421627,0,868,0,0,1331918.071965,6414561.199146,-0.542571,-0.034208,-0.009133,0.00067,-0.013288,0,-0.000004,1,-0.030623,-3.100294,-0.057895,0.000137,0.300046
1.0068374173,0.2090594997,-0.388209,-0.013872,0.007226,0.000651,-0.042726,5421727,0,876,0,0,1331918.071082,6414561.196540,-0.544959,-0.034474,-0.013867,0.00067,-0.013288,0,-0.000004,1,-0.027962,-3.102693,-0.057895,0.000125,0.300279
1.0068374173,0.2090594997,-0.366666,-0.013719,0.006615,0.000651,-0.042726,5421827,0,883,0,0,1331918.070473,6414561.194527,-0.546754,-0.034754,-0.013715,0.000668,-0.013287,0,-0.000004,1,-0.027967,-3.102578,-0.057896,0.000125,0.300267
1.0068374173,0.2090595026,-0.36906,-0.008374,0.006004,0.000651,-0.042726,5421927,0,889,0,0,1331918.074219,6414561.193172,-0.54597,-0.034928,-0.008369,0.000666,-0.013287,0,-0.000004,1,-0.026881,-3.103704,-0.057896,0.00012,0.300376
1.0068374173,0.2090595026,-0.378634,-0.006847,0.007989,0.000651,-0.042726,5422027,0,896,0,0,1331918.077123,6414561.192106,-0.545364,-0.034955,-0.008065,0.000651,-0.013287,0,-0.000004,1,-0.027592,-3.103098,-0.057895,0.000123,0.300318
1.0068374173,0.2090595026,-0.404964,-0.004098,0.007226,0.000651,-0.042726,5422127,0,902,0,0,1331918.079349,6414561.191282,-0.54489,-0.034821,-0.007912,0.000665,-0.013288,0,-0.000004,1,-0.028132,-3.102624,-0.057895,0.000126,0.300272
1.0068374173,0.2090595026,-0.410948,-0.003334,0.004935,0.000651,-0.042726,5422227,0,908,0,0,1331918.081074,6414561.190634,-0.544518,-0.034659,-0.004399,0.000667,-0.013288,0,-0.000004,1,-0.028543,-3.10224,-0.057895,0.000128,0.300235
1.0068374173,0.2090595026,-0.384618,-0.008374,0.007378,0.000651,-0.042726,5422327,0,915,0,0,1331918.082411,6414561.190125,-0.544221,-0.034255,-0.006231,0.000674,-0.013288,0,-0.000004,1,-0.028855,-3.101954,-0.057895,0.000129,0.300207
1.0068374173,0.2090595026,-0.360682,-0.008985,0.007073,0.000651,-0.042726,5422428,0,921,0,0,1331918.083448,6414561.189724,-0.543981,-0.034189,-0.004858,0.000672,-0.013288,0,-0.000004,1,-0.029092,-3.101715,-0.057895,0.00013,0.300184
1.0068374173,0.2090595055,-0.358288,-0.012497,0.003713,0.000651,-0.042726,5422527,0,927,0,0,1331918.088450,6414561.189583,-0.541668,-0.034313,-0.013104,0.000672,-0.013288,0,-0.000004,1,-0.031732,-3.099402,-0.057895,0.000142,0.29996
1.0068374202,0.2090595055,-0.365469,-0.012803,0.00356,0.000651,-0.042726,5422627,0,934,0,0,1331918.092467,6414561.193818,-0.536407,-0.034661,-0.012187,0.00067,-0.013288,0,-0.000004,1,-0.03748,-3.094129,-0.057895,0.000168,0.29945
1.0068374173,0.2090595055,-0.385815,-0.014024,0.004935,0.000651,-0.042726,5422727,0,942,0,0,1331918.095447,6414561.192573,-0.535931,-0.035189,-0.014937,0.000667,-0.013286,0,-0.000004,1,-0.037475,-3.094025,-0.057896,0.000168,0.29944
1.0068374173,0.2090595055,-0.376241,-0.01769,0.009364,0.000651,-0.042726,5422827,0,948,0,0,1331918.097709,6414561.191630,-0.535555,-0.035713,-0.013409,0.000672,-0.013288,0,-0.000004,1,-0.038544,-3.093277,-0.057895,0.000172,0.299367
1.0068374173,0.2090595055,-0.408555,-0.01433,0.00692,0.000651,-0.042726,5422927,0,955,0,0,1331918.099464,6414561.190891,-0.535255,-0.03657,-0.021656,0.000671,-0.013288,0,-0.000004,1,-0.038895,-3.092977,-0.057895,0.000174,0.299338
1.0068374173,0.2090595055,-11.937522,-0.550059,-0.181684,0.002321,-0.042726,5423027,0,961,0,0,1331918.100864,6414561.190319,-0.534954,-0.038143,-0.092768,0.002872,-0.013288,0,-0.000004,1,-0.03919,-3.092676,-0.057895,0.000175,0.299309
1.0068374173,0.2090595055,-0.347517,0.009494,0.037158,0.024821,-0.042726,5423127,0,967,0,0,1331918.102223,6414561.190449,-0.533322,-0.039039,0.009848,0.024805,-0.013288,0,-0.000004,1,-0.040047,-3.091044,-0.057895,0.000179,0.299151
1.0068374173,0.2090595055,0.412464,-0.067475,0.065869,0.044379,-0.042726,5423227,0,974,0,0,1331918.104259,6414561.192108,-0.527478,-0.039469,0.005269,0.044395,-0.013288,0,-0.000004,1,-0.042554,-3.0852,-0.057895,0.00019,0.298586
1.0068374173,0.2090595055,-0.249378,-0.098935,0.014098,0.045397,-0.042726,5423327,0,980,0,0,1331918.106029,6414561.193814,-0.521118,-0.045786,-0.122134,0.045151,-0.013288,0,-0.000004,1,-0.044953,-3.07884,-0.057895,0.000201,0.29797
1.0068374173,0.2090595026,-0.882495,-0.110846,-0.018736,0.03235,-0.042726,5423428,0,986,0,0,1331918.103069,6414561.194922,-0.517642,-0.052356,-0.07045,0.033576,-0.013288,0,-0.000004,1,-0.044245,-3.075364,-0.057896,0.000198,0.297634
1.0068374173,0.2090595026,-0.494726,-0.087328,-0.014155,0.013698,-0.042726,5423527,0,993,0,0,1331918.100119,6414561.194536,-0.517028,-0.059323,-0.090427,0.013941,-0.013288,0,-0.000004,1,-0.042297,-3.07475,-0.057896,0.000189,0.297574
1.0068374173,0.2090595026,-1.64846,-0.014788,-0.019347,0.013302,-0.042726,5423627,0,999,0,0,1331918.097480,6414561.193746,-0.51759,-0.061942,0.009659,0.013288,-0.013288,0,-0.000004,1,-0.040183,-3.075312,-0.057896,0.00018,0.297629
1.0068374173,0.2090595026,-0.481561,0.01377,-0.005908,0.014321,-0.042726,5423727,0,1007,0,0,1331918.095475,6414561.193094,-0.517752,-0.058864,0.007371,0.013995,-0.013288,0,-0.000004,1,-0.038534,-3.075474,-0.057896,0.000172,0.297644
1.0068374173,0.2090595055,-0.664674,0.020948,-0.034924,0.01517,-0.042726,5423827,0,1013,0,0,1331918.098180,6414561.192888,-0.515311,-0.05422,0.046479,0.015111,-0.013288,0,-0.000004,1,-0.039853,-3.073033,-0.057896,0.000178,0.297408
1.0068374173,0.2090595055,0.614726,0.038357,0.010891,0.01517,-0.042726,5423927,0,1019,0,0,1331918.100275,6414561.192721,-0.513097,-0.049568,0.05839,0.015136,-0.013288,0,-0.000004,1,-0.040751,-3.071074,-0.057896,0.000182,0.297219
1.0068374173,0.2090595026,-0.990209,0.083409,-0.014307,0.023519,-0.042726,5424027,0,1026,0,0,1331918.097772,6414561.192585,-0.512693,-0.043875,0.083482,0.023353,-0.013288,0,-0.000004,1,-0.039198,-3.070794,-0.057896,0.000175,0.297191
1.0068374173,0.2090595055,-0.963879,-0.008832,-0.033244,0.025897,-0.042726,5424127,0,1031,0,0,1331918.100313,6414561.193307,-0.508616,-0.038997,0.016512,0.025712,-0.013288,0,-0.000004,1,-0.041379,-3.066339,-0.057896,0.000185,0.29676
1.0068374173,0.2090595055,0.438794,0.073635,0.07717,0.020689,-0.042726,5424227,0,1038,0,0,1331918.102137,6414561.193551,-0.505531,-0.040732,0.004659,0.020674,-0.013288,0,-0.000004,1,-0.042588,-3.063253,-0.057896,0.00019,0.296462
1.0068374173,0.2090595055,0.664993,-0.011123,0.07549,0.045935,-0.042726,5424327,0,1045,0,0,1331918.103856,6414561.194176,-0.501446,-0.042385,-0.10689,0.043228,-0.013288,0,-0.000004,1,-0.044057,-3.059168,-0.057895,0.000197,0.296066
1.0068374173,0.2090595055,2.147853,0.098069,0.247296,0.054483,-0.042726,5424428,0,1051,0,0,1331918.105932,6414561.196170,-0.494093,-0.038608,0.089718,0.054527,-0.013288,0,-0.000004,1,-0.046865,-3.051815,-0.057895,0.00021,0.295355
1.0068374173,0.2090595055,-2.485037,-0.015399,0.086485,0.050888,-0.042726,5424527,0,1058,0,0,1331918.107512,6414561.197592,-0.487176,-0.033735,-0.018253,0.050742,-0.013288,0,-0.000004,1,-0.048484,-3.045811,-0.057895,0.000217,0.294774
1.0068374173,0.2090595055,-0.045918,0.070733,0.035478,0.040105,-0.042726,5424627,0,1065,0,0,1331918.108303,6414561.197914,-0.482596,-0.032591,0.040678,0.040091,-0.013288,0,-0.000004,1,-0.049302,-3.041003,-0.057896,0.00022,0.294308
1.0068374144,0.2090595026,-3.011638,-0.016468,-0.059359,0.019982,-0.042726,5424727,0,1072,0,0,1331918.104191,6414561.192901,-0.485377,-0.032345,0.008261,0.01968,-0.013288,0,-0.000004,1,-0.043018,-3.043448,-0.057896,0.000192,0.294545
1.0068374144,0.2090595026,-3.535845,-0.130241,-0.050348,0.027425,-0.042726,5424827,0,1079,0,0,1331918.100761,6414561.188490,-0.488359,-0.036686,0.008633,0.0276,-0.013288,0,-0.000004,1,-0.037391,-3.046542,-0.057896,0.000167,0.294844
1.0068374144,0.2090595026,-1.607768,-0.120162,-0.097385,0.038973,-0.042726,5424927,0,1085,0,0,1331918.098515,6414561.185910,-0.488342,-0.042773,-0.058521,0.038557,-0.013288,0,-0.000004,1,-0.034216,-3.046064,-0.057896,0.000153,0.294798
1.0068374144,0.2090595026,-1.032098,-0.100156,0.026468,0.026208,-0.042726,5425027,0,1092,0,0,1331918.096706,6414561.183729,-0.487959,-0.051794,-0.079775,0.024797,-0.013288,0,-0.000004,1,-0.031399,-3.045681,-0.057896,0.00014,0.294761
1.0068374144,0.2090595026,-2.435968,-0.121995,-0.085626,0.02318,-0.042726,5425127,0,1098,0,0,1331918.095336,6414561.182164,-0.486928,-0.056254,-0.046424,0.026571,-0.013288,0,-0.000004,1,-0.029338,-3.044651,-0.057896,0.000131,0.294661
1.0068374144,0.2090595055,-1.212818,0.083409,0.059149,0.031303,-0.042726,5425227,0,1104,0,0,1331918.098251,6414561.180676,-0.484732,-0.058071,-0.016241,0.031083,-0.013288,0,-0.000004,1,-0.029465,-3.042963,-0.057895,0.000132,0.294498
1.0068374144,0.2090595055,-0.53063,0.03286,0.005546,0.024227,-0.042726,5425327,0,1111,0,0,1331918.100697,6414561.179807,-0.481634,-0.055244,0.033857,0.024027,-0.013288,0,-0.000004,1,-0.030127,-3.039787,-0.057895,0.000135,0.294191
1.0068374144,0.2090595055,0.381346,-0.056938,-0.00545,0.022925,-0.042726,5425428,0,1117,0,0,1331918.102373,6414561.178837,-0.479578,-0.056141,-0.060273,0.022727,-0.013288,0,-0.000004,1,-0.030265,-3.037685,-0.057895,0.000135,0.293987
1.0068374144,0.2090595055,-1.327713,-0.028685,0.006615,0.040388,-0.042726,5425527,0,1124,0,0,1331918.104021,6414561.178632,-0.475954,-0.060593,-0.044126,0.040385,-0.013288,0,-0.000004,1,-0.030848,-3.034375,-0.057895,0.000138,0.293667
1.0068374144,0.2090595055,-1.818409,0.063556,0.0086,0.037246,-0.042726,5425627,0,1131,0,0,1331918.105470,6414561.178822,-0.471498,-0.061644,-0.055451,0.03695,-0.013288,0,-0.000004,1,-0.031829,-3.029873,-0.057895,0.000142,0.293231
1.0068374144,0.2090595055,-1.281037,0.074246,-0.055846,0.027057,-0.042726,5425727,0,1138,0,0,1331918.106327,6414561.178459,-0.468473,-0.054488,0.133698,0.026949,-0.013288,0,-0.000004,1,-0.032306,-3.026195,-0.057895,0.000144,0.292875
1.0068374144,0.2090595055,-0.230229,0.124947,0.051819,0.042454,-0.042726,5425827,0,1144,0,0,1331918.107068,6414561.178403,-0.465103,-0.044849,0.126549,0.042503,-0.013288,0,-0.000004,1,-0.032668,-3.022825,-0.057895,0.000146,0.292549
1.0068374144,0.2090595055,0.655418,0.138997,0.085722,0.042567,-0.042726,5425927,0,1151,0,0,1331918.107885,6414561.178734,-0.460495,-0.033363,0.141309,0.042731,-0.013288,0,-0.000004,1,-0.033395,-3.018217,-0.057895,0.000149,0.292103
1.0068374144,0.2090595055,0.428022,0.025682,0.021428,0.040331,-0.042726,5426027,0,1158,0,0,1331918.108489,6414561.178955,-0.456106,-0.025151,0.064617,0.04155,-0.013288,0,-0.000004,1,-0.033911,-3.013828,-0.057895,0.000152,0.291678
1.0068374144,0.2090595055,0.46273,0.112119,0.132453,0.042199,-0.042726,5426127,0,1163,0,0,1331918.108917,6414561.179199,-0.451932,-0.018848,0.11216,0.042382,-0.013288,0,-0.000004,1,-0.034015,-3.010372,-0.057896,0.000152,0.291344
1.0068374144,0.2090595055,0.235334,0.110134,0.072435,0.041435,-0.042726,5426227,0,1170,0,0,1331918.109264,6414561.179380,-0.447699,-0.011712,0.110117,0.041439,-0.013288,0,-0.000004,1,-0.034358,-3.006139,-0.057896,0.000154,0.290934
1.0068374144,0.2090595055,1.42258,-0.00593,0.051361,0.03835,-0.042726,5426327,0,1177,0,0,1331918.109427,6414561.179320,-0.44403,-0.008837,-0.005893,0.038306,-0.013288,0,-0.000004,1,-0.034431,-3.002404,-0.057896,0.000154,0.290573
1.0068374173,0.2090595026,0.514193,0.024613,0.104506,0.036086,-0.042726,5426428,0,1183,0,0,1331918.105457,6414561.183489,-0.438571,-0.00909,0.024613,0.036216,-0.013288,0,-0.000004,1,-0.035736,-2.996918,-0.057896,0.00016,0.290042
1.0068374202,0.2090594968,-1.51681,-0.079845,0.014251,0.032831,-0.042726,5426527,0,1190,0,0,1331918.093972,6414561.190507,-0.434011,-0.011661,-0.029135,0.032879,-0.013288,0,-0.000004,1,-0.035547,-2.991733,-0.057897,0.000159,0.28954
1.0068374289,0.2090594881,-0.166797,-0.012955,0.01532,0.035576,-0.042726,5426627,0,1196,0,0,1331918.072850,6414561.208777,-0.423771,-0.017358,-0.093843,0.035377,-0.013289,0,-0.000004,1,-0.039146,-2.981493,-0.057898,0.000175,0.288549
1.0068374347,0.2090594764,-0.315203,-0.031587,0.016847,0.034529,-0.042726,5426727,0,1203,0,0,1331918.039931,6414561.231315,-0.413866,-0.021948,-0.031592,0.0344,-0.013289,0,-0.000003,1,-0.091081,-2.43744,-0.057899,0.000407,0.235895
1.0068374493,0.2090594648,0.262861,-0.092673,-0.010642,0.032463,-0.042726,5426827,0,1210,0,0,1331917.998120,6414561.270119,-0.393458,-0.02856,-0.120316,0.032191,-0.013304,0,-0.000003,1,-0.070458,-2.417033,-0.057898,0.000315,0.23392
1.0068374493,0.2090594648,-0.590471,-0.09023,-0.015529,0.039143,-0.042726,5426926,0,1210,0,0,1331917.997986,6414561.273282,-0.387671,-0.036392,-0.090234,0.037595,-0.013288,0,-0.000003,1,-0.071721,-2.411246,-0.0579,0.000321,0.23336
1.0068374813,0.2090594415,-0.134483,-0.092521,0.033951,0.042426,-0.042726,5427027,0,1223,0,0,1331917.898554,6414561.384628,-0.322137,-0.044123,-0.11451,0.04232,-0.013311,0,-0.000003,3,-0.083214,-2.678332,-0.057901,0.000372,0.259209
1.0068374987,0.2090594270,0.749967,-0.137419,0.050597,0.042397,-0.042726,5427127,0,1229,0,0,1331917.835293,6414561.462689,-0.26842,-0.055668,-0.14002,0.042232,-0.013314,0,-0.000003,5,-0.075066,-2.074761,-0.03866,0.000336,0.200795
1.0068375220,0.2090594095,-1.290611,-0.139099,0.005851,0.044237,-0.042726,5427227,0,1235,0,0,1331917.761376,6414561.557881,-0.197994,-0.068424,-0.113431,0.044128,-0.013317,0,-0.000003,6,-0.069125,-2.554189,-0.042969,0.000309,0.247194
1.0068375220,0.2090594095,-1.519204,-0.123827,-0.032481,0.041831,-0.042726,5427329,0,1235,-0.000003,0,1331917.760795,6414561.561807,-0.190461,-0.079158,-0.063694,0.042227,-0.013288,0.293983,-0.000003,6,-0.07149,-2.546655,-0.032256,0.00032,0.246465
1.0068375482,0.2090593892,-2.590358,0.03347,0.041587,0.056747,-0.042726,5427427,0,1242,-0.000003,0,1331917.673897,6414561.674749,-0.099958,-0.084149,-0.010788,0.055295,-0.013288,0.141755,-0.000003,8,-0.079778,-2.049405,-0.030441,0.000357,0.198341
1.0068375744,0.2090593601,-1.422261,0.170152,0.103437,0.060596,-0.042726,5427527,0,1249,-0.000003,0,1331917.564241,6414561.802495,0.011944,-0.073249,0.170254,0.060594,-0.013288,-0.264974,-0.000003,9,-0.076262,-2.345306,-0.022638,0.000341,0.226979
1.0068376035,0.2090593397,0.04145,0.000636,-0.066231,0.029208,-0.042726,5427627,0,1255,-0.000003,0,1331917.448595,6414561.944112,0.147226,-0.059254,0.084163,0.029083,-0.013288,-0.148989,-0.000003,11,-0.076031,-2.012148,-0.016294,0.00034,0.194736
1.0068376355,0.2090593077,-0.123712,-0.065642,0.036089,0.026746,-0.042726,5427727,0,1261,-0.000003,0,1331917.311306,6414562.099931,0.308707,-0.057758,-0.061598,0.026731,-0.013288,0.17325,-0.000003,12,-0.068418,-2.047943,-0.01285,0.000306,0.1982
1.0068376704,0.2090592786,-0.03036,-0.071446,0.027384,0.042143,-0.042726,5427827,0,1269,-0.000003,0,1331917.159844,6414562.272974,0.504336,-0.061559,-0.066324,0.039856,-0.013288,0.4372,-0.000003,14,-0.072924,-1.940548,-0.011414,0.000326,0.187806
1.0068377082,0.2090592495,-0.281692,-0.064421,0.110156,0.070106,-0.042726,5427927,0,1275,-0.000002,0,1331916.995382,6414562.462666,0.733224,-0.071151,-0.08071,0.066177,-0.013288,0.334623,-0.000002,16,-0.08967,-1.53604,-0.009625,0.000401,0.148658
1.0068377489,0.2090592059,0.532146,-0.059687,0.182239,0.100163,-0.042726,5428027,0,1282,-0.000002,0,1331916.797497,6414562.668251,1.001652,-0.076273,-0.059727,0.100195,-0.013288,0.284776,-0.000002,18,-0.070107,-1.158837,-0.009998,0.000314,0.112152
1.0068377838,0.2090591768,-0.235016,0.004302,0.244852,0.120484,-0.042726,5428127,0,1288,-0.000001,0,1331916.596332,6414562.871526,1.266794,-0.076588,0.06173,0.12068,-0.013288,-0.085628,-0.000001,20,-0.060401,-0.924979,-0.009781,0.00027,0.089519
1.0068378245,0.2090591390,0.359804,-0.054189,0.281046,0.131098,-0.042726,5428227,0,1294,-0.000001,0,1331916.384084,6414563.079764,1.519826,-0.077481,-0.040034,0.130936,-0.013288,0.220827,-0.000001,22,-0.031492,-0.645184,-0.009989,0.000141,0.062441
1.0068378711,0.2090591041,0.66619,0.054851,0.415742,0.146268,-0.042726,5428328,0,1301,-0,0,1331916.171246,6414563.300129,1.736284,-0.076995,-0.039134,0.146511,-0.013288,0.088195,-0,24,-0.023924,-0.427047,-0.010497,0.000107,0.04133
1.0068379147,0.2090590663,0.813398,-0.004709,0.366873,0.1519,-0.042726,5428427,0,1307,-0.000001,0,1331915.956161,6414563.528238,1.908438,-0.074308,0.034694,0.152262,-0.013288,-0.007484,-0.000001,26,-0.042871,-0.450363,-0.009058,0.000192,0.043586
1.0068379583,0.2090590197,-0.26374,-0.013566,0.370538,0.154447,-0.042726,5428527,0,1314,-0.000001,0,1331915.727277,6414563.765132,2.045457,-0.070986,0.006412,0.154826,-0.013288,0.073046,-0.000001,28,-0.071348,-0.387637,-0.004753,0.000319,0.037515
1.0068380049,0.2090589790,-0.201505,0.061418,0.38978,0.155834,-0.042726,5428627,0,1320,-0,0,1331915.495404,6414564.014074,2.142855,-0.067784,-0.001156,0.156053,-0.013288,0.251234,-0,30,-0.048112,-0.211523,0.000363,0.000215,0.020471
1.0068380514,0.2090589383,-0.284085,0.055003,0.39146,0.157476,-0.042726,5428727,0,1327,-0,0,1331915.261106,6414564.274426,2.205357,-0.063088,0.055013,0.157846,-0.013288,-0.013423,-0,32,-0.038498,-0.232225,0.003275,0.000172,0.022475
1.0068380951,0.2090588888,-0.626376,0.001705,0.337856,0.1549,-0.042726,5428827,0,1334,-0,0,1331915.010055,6414564.538540,2.258186,-0.056853,0.079065,0.155308,-0.013288,-0.163285,-0,34,-0.010426,-0.172252,0.00179,0.000047,0.016671
1.0068381445,0.2090588481,-0.913613,0.035456,0.330526,0.147174,-0.042726,5428927,0,1341,-0,0,1331914.760061,6414564.815797,2.282868,-0.050562,0.035407,0.147411,-0.013287,-0.061371,-0,36,-0.015671,-0.075883,-0.001428,0.00007,0.007344
1.0068381911,0.2090588103,0.796643,0.055614,0.337551,0.137777,-0.042726,5429027,0,1347,0,0,1331914.513018,6414565.097826,2.295427,-0.044502,0.055582,0.138958,-0.013288,-0.027952,0,38,-0.026617,0.078724,-0.002613,0.000119,-0.007619
1.0068382405,0.2090587725,-1.004571,0.005676,0.253557,0.130928,-0.042726,5429127,0,1353,0,0,1331914.268533,6414565.388204,2.296253,-0.040743,0.039315,0.131478,-0.013288,-0.064244,0,40,-0.024279,0.102221,-0.00221,0.000109,-0.009893
1.0068382900,0.2090587347,0.143179,0.019421,0.254473,0.124447,-0.042726,5429227,0,1360,0,0,1331914.025688,6414565.684879,2.290656,-0.036488,0.019398,0.12536,-0.013288,-0.05265,0,42,0.026152,0.14674,-0.001089,-0.000117,-0.014202
1.0068383307,0.2090586910,-1.179307,0.034845,0.241645,0.119947,-0.042726,5429328,0,1366,-0,0,1331913.774469,6414565.972748,2.297684,-0.03354,0.030619,0.120155,-0.013288,-0.103884,-0,44,0.022727,-0.134824,-0.00175,-0.000102,0.013048
1.0068383801,0.2090586532,-0.157223,-0.003181,0.230955,0.114852,-0.042726,5429427,0,1373,0,0,1331913.526572,6414566.267596,2.294727,-0.031398,-0.021829,0.115175,-0.013287,-0.034464,0,46,-0.009289,0.011401,-0.000186,0.000042,-0.001103
1.0068384267,0.2090586183,-0.294857,0.046451,0.212171,0.112022,-0.042726,5429527,0,1379,0,0,1331913.284742,6414566.563202,2.288021,-0.027571,0.06713,0.11223,-0.013287,-0.164441,0,49,-0.021039,0.090656,0.000389,0.000094,-0.008774
1.0068384732,0.2090585776,-1.23077,0.15824,0.240423,0.103418,-0.042726,5429627,0,1386,-0,0,1331913.038918,6414566.858979,2.285885,-0.019271,0.158443,0.103638,-0.013287,-0.399643,-0,50,-0.058125,-0.106013,-0.000308,0.00026,0.01026
1.0068385168,0.2090585340,-4.209655,0.16725,-0.091429,0.087455,-0.042726,5429725,0,1392,-0,0,1331912.786958,6414567.152026,2.287902,-0.011086,0.166974,0.087816,-0.01327,-0.48651,-0,52,-0.070291,0.006567,0.001323,0.000314,-0.000636
